row_index,start_dialogue,diagnostic_accuracy,use_of_dialogue_information,logical_consistency,estimate_completeness,parts_and_works_adequacy,safety,clarity,actionability,uncertainty_handling,business_logic_alignment,contextual_relevancy,error
256,Как снять верхнюю пластиковую панель машины,8,9,9,7,8,9,9,8,10,10,9,
376,Можно ли использовать металлическую отвёртку для поддевания панели,8,10,9,7,8,10,9,8,10,10,6,
136,Как правильно выровнять новый экран при установке?,7,9,8,6,7,10,9,8,10,10,2,
16,"Что делать, если iPhone вообще не реагирует на подключение зарядки?",7,8,9,8,8,10,9,8,10,10,8,
496,Почему важно аккуратно обращаться с деталями при ремонте Honiture Q6 SE,6,7,8,5,5,9,9,6,10,10,7,
616,Один из наушников вообще не определяется,7,8,9,6,6,10,9,8,10,10,2,
17,Я не хочу разбирать телефон. Как можно починить зарядку без этого?,10,9,10,8,10,10,10,9,10,10,2,
976,"Как проверить, что восстановленное реле работает корректно",6,7,8,5,7,10,9,7,9,10,4,
736,"Как убедиться, что ремонт завершён успешно",7,8,9,4,5,10,9,6,10,10,5,
856,Почему важно выключить принтер перед снятием головки,7,8,9,6,10,10,9,7,10,10,5,
137,Какие инструменты нужны для разборки Honor 9?,10,9,8,9,10,7,10,9,10,10,9,
257,Как правильно снять верхнюю металлическую крышку,7,9,8,6,7,10,9,7,10,10,2,
497,После замены боковых щёток Honiture Q6 SE стал оставлять следы,8,9,9,7,9,10,9,8,10,10,7,
617,"Как отключить наушники от всех устройств, чтобы подключить к новому телефону",10,9,10,6,3,10,8,7,10,10,2,
377,С чего начать замену панели управления,7,8,9,6,7,10,9,7,10,10,8,
18,"Что делать, если после чистки порт всё равно не работает и телефон не заряжается?",8,10,9,7,8,10,9,9,10,10,4,
138,"Что делать, если клей слишком твёрдый и не режется?",7,8,9,7,8,10,9,8,9,10,3,
737,Как отсоединить топливный шланг от карбюратора,7,8,9,6,7,10,9,8,10,10,8,
977,Почему поверхность старого реле часто покрыта коричневыми пятнами,9,10,8,7,9,10,9,8,10,10,7,
857,"Что делать, если картриджи высохли во время чистки",10,9,10,7,8,10,8,7,10,10,9,
258,Что нужно сделать после снятия передней панели,8,9,10,7,9,10,9,9,10,10,4,
498,Сколько времени занимает замена щёток на Honiture Q6 SE,7,8,9,7,8,10,9,8,10,10,6,
378,Как правильно снять заднюю крышку аэрогриля,7,9,9,8,8,10,9,8,10,10,3,
618,Можно ли исправить проблему слабого сигнала Bluetooth,7,9,9,6,8,10,9,8,10,10,3,
738,"Как снять сиденье, чтобы добраться до карбюратора",7,8,9,6,5,10,9,7,10,10,2,
858,Почему стоит чистить контакты даже если их состояние вроде нормальное,8,9,10,7,9,10,9,8,10,10,6,
19,"Важно ли, каким инструментом чистить порт зарядки iPhone?",8,9,10,7,8,10,9,8,10,10,9,
978,"Что будет, если использовать неисправное реле",7,10,9,8,9,10,9,9,10,10,4,
139,Можно ли использовать обычный фен вместо iOpener?,8,9,10,7,8,10,9,7,10,10,6,
259,Как безопасно снять управляющую плату,4,7,8,5,6,10,9,7,10,10,8,
379,Как отсоединить старую плату управления от основной платы аэрогриля,6,8,9,7,8,10,9,7,10,10,4,
619,"Мой левый наушник не заряжается, а правый работает",7,8,9,6,7,10,9,8,10,10,3,
499,"Как проверить, всё ли я сделал правильно после ремонта",7,8,9,6,5,10,8,7,9,10,2,
739,"Что делать, если из шланга течёт бензин",9,10,10,8,9,10,10,9,10,10,7,
859,"Что будет, если вынуть головку при включённом питании",7,9,8,6,5,10,9,7,9,10,4,
979,Можно ли обойтись без осциллографа или тестера,7,9,8,6,6,10,9,7,10,10,3,
140,Почему важно не вставлять инструмент между стеклом и фольгой при снятии крышки?,6,8,7,6,5,10,9,7,10,10,2,
380,Что делать после выкручивания винтов,10,9,8,7,7,10,9,8,10,10,4,
260,Что помогает не перепутать винты при разборке машины,10,9,8,7,8,10,9,8,10,10,4,
20,"Можно ли спасти iPhone, если он перестал заряжаться из-за прошивки, без сервиса?",7,8,9,6,7,10,8,8,10,10,8,
500,"Можно ли менять только одну боковую щётку, а не обе сразу",8,10,9,7,8,10,10,9,10,10,2,
620,Звук идёт только с правого наушника после обновления прошивки,7,8,8,6,6,10,9,8,10,10,5,
740,После снятия сиденья я не вижу нужные детали — что дальше,4,7,6,6,5,10,8,7,9,10,2,
980,Можно ли просто переставить новый термистор без корпуса,4,7,6,5,5,10,8,6,9,10,2,
860,Как очистить контакты внутри принтера,7,8,9,7,8,10,9,8,9,10,4,
21,Как отличить неисправный кабель от неисправного телефона?,10,9,10,8,7,10,10,9,10,10,3,
261,"Что означает, если мультиметр показывает высокое сопротивление при нажатой кнопке",8,10,9,7,9,10,9,9,10,10,3,
501,"Одна из комфорок моей электрической плиты не нагревается, хотя остальные работают нормально",10,10,10,9,10,10,8,9,10,10,4,
381,Сколько винтов удерживает панель управления,4,7,6,6,7,10,8,7,9,10,7,
141,"Сколько винтов нужно открутить, чтобы снять щиток материнской платы?",7,8,9,6,5,10,9,7,10,10,2,
621,Почему звук из правого наушника запаздывает,7,8,9,6,6,10,9,8,10,10,3,
741,Как безопасно отключить подачу топлива перед снятием карбюратора,6,8,9,6,5,10,9,8,10,10,4,
981,"Что означает, если термистор греется слишком быстро и отключает за 10–20 секунд",8,9,9,7,8,10,9,8,10,10,4,
861,Какие модели поддерживают съёмную печатающую головку,1,2,3,1,1,10,4,1,6,3,2,
22,"Что, если телефон начал заряжаться только при определённом положении кабеля?",9,10,8,7,8,10,9,8,10,10,3,
142,"Как понять, что клей для крышки или дисплея работает хорошо?",9,10,8,7,8,10,9,8,10,10,5,
502,"Что делать, если тряпка не вставляется обратно после ремонта",7,8,8,6,6,10,9,7,9,10,2,
262,Как получить доступ к блоку управления,7,8,9,6,7,10,9,8,10,10,8,
382,Почему важно держать за боковые защёлки при снятии кабеля,7,8,9,6,5,10,9,7,10,10,3,
622,Где находится настройка баланса звука на iPhone,10,9,8,7,10,10,10,10,10,6,10,
742,Можно ли работать без перчаток при разборке карбюратора,10,9,10,10,10,10,10,8,7,10,10,
982,Если диск не помещается в старое реле,7,8,8,6,7,10,9,8,9,10,2,
862,Как вынуть печатающую головку из принтера HP,6,7,8,5,6,10,7,6,9,10,7,
23,Можно ли чистить порт металлическим предметом?,10,9,10,8,10,10,10,9,10,10,7,
143,Можно ли одновременно с экраном поменять батарею?,8,9,9,7,8,10,9,8,10,10,6,
263,"Можно ли проверять кнопки, не снимая плату",7,9,8,6,7,10,9,8,9,10,5,
383,Как установить заднюю крышку обратно,7,9,10,6,8,10,10,8,10,10,3,
503,"Почему конфорка электрической плиты работает с перебоями — то нагревается, то нет",8,10,9,8,9,10,9,9,10,10,6,
623,"Как понять, что проблема в балансе звука, а не в наушнике",7,8,8,6,7,10,9,8,10,10,5,
743,Зачем использовать два инструмента при снятии карбюратора,7,8,9,6,7,10,9,8,10,10,7,
863,"Что делать, если из головки выходит много чернил в воду",7,8,9,7,8,10,9,8,9,10,6,
983,Как долго должен работать исправный термистор перед отключением,8,9,10,7,8,10,9,9,10,10,3,
24,"Что делать, если зарядка прерывается сама по себе?",8,10,9,7,9,10,9,9,10,10,4,
144,Что делать со старым экраном и батареей после замены?,4,7,6,5,3,10,8,6,9,8,2,
264,Как проверить кнопки мультиметром,7,8,9,4,3,10,9,6,10,10,8,
384,Что нужно сделать после подсоединения нового модуля,7,8,9,6,6,10,9,8,10,10,3,
504,"Все комфорки на моей электрической плите перестали греться, что мне делать",8,9,10,7,8,10,9,9,10,10,4,
624,Звук в одном ухе постоянно прерывается,7,8,9,6,7,10,9,8,10,10,3,
744,Как отсоединить воздушный фильтр от карбюратора,7,8,9,6,6,10,9,7,10,10,4,
864,Какие меры предосторожности нужны при чистке спиртом,8,9,9,7,9,7,10,8,10,10,3,
984,Какую температуру должен держать термистор,7,9,8,7,7,10,9,8,10,10,6,
25,"Мой iPhone включается, но не набирает заряд — стоит на 1%. Что делать?",8,7,8,7,7,10,9,8,9,10,9,
265,Как безопасно отсоединить панель управления,8,9,10,7,8,10,9,8,10,10,7,
145,Как долго длится полный ремонт экрана Honor 9?,10,9,10,8,10,10,9,9,10,10,7,
385,Можно ли перепутать разъём при подключении,7,8,8,6,7,10,9,8,10,10,3,
505,"Моя электрическая плита искрит, когда я вставляю конфорку",8,9,10,7,6,10,9,8,10,10,3,
625,"Наушники подключены, но звук всё равно идёт только с одного",8,9,10,7,8,10,9,9,10,10,4,
745,"Я снял карбюратор, но тросик газа мешает — что делать",7,9,9,6,6,10,8,8,10,10,4,
865,Почему рекомендуется менять воду во время чистки,1,4,3,2,2,10,6,2,8,7,2,
985,Зачем использовать QP2‑4R7 для замены,4,7,6,5,5,10,8,6,9,10,2,
26,"Почему мой iPhone вообще не видит кабель, хотя раньше работал нормально?",7,6,8,7,7,10,8,8,9,10,8,
146,"Как обращаться с экраном, чтобы не повредить шлейф?",7,9,8,6,7,10,9,8,10,10,7,
386,Как подключить новую плату управления,4,7,8,6,7,10,9,7,9,10,5,
266,Как избежать повреждения платы от статического электричества,10,9,8,7,9,10,9,8,10,10,2,
506,"Как безопасно проверить, почему не работает конфорка",9,10,8,7,8,10,9,8,10,10,6,
626,Где найти баланс звука на Android,7,8,9,5,6,10,9,7,8,6,1,
866,Можно ли ускорить процесс сушки,7,9,8,6,5,10,9,7,10,10,2,
746,Как открутить карбюратор от двигателя,4,6,7,5,5,10,8,7,9,10,3,
986,Можно ли купить оригинальное реле BQP2‑4.7,7,8,9,6,8,10,9,7,10,10,8,
27,Может ли неисправный адаптер вызывать проблемы с зарядкой?,3,4,3,6,3,10,8,6,9,10,2,
147,"Что делать, если после сборки экран немного выступает?",8,9,10,7,6,10,9,8,10,10,3,
267,Как удалить старый переключатель с платы,7,9,9,7,8,10,9,8,10,10,6,
507,"Почему конфорка нагревается слабо, даже при максимальной мощности",10,9,8,7,9,10,9,8,10,10,4,
387,Для чего нужны пластиковые фиксаторы задней крышки,7,9,8,6,7,10,9,8,10,10,5,
627,После чистки кейса наушники перестали определяться,8,9,10,8,9,10,9,9,10,10,3,
747,Как обращаться с иглой дросселя при снятии,8,9,9,7,8,10,9,8,10,10,6,
867,Как долго держать головку в воде,7,8,8,7,7,10,8,7,9,10,2,
28,Телефон перестаёт заряжаться после пары минут. Это что значит?,7,8,9,6,7,10,10,8,10,10,3,
987,Почему важно проверять реле при отказе компрессора,7,8,9,6,7,10,8,7,9,10,4,
148,"Можно ли вскрыть Switch, не снимая контроллеры Joy‑Con?",8,9,10,7,7,10,9,8,10,10,3,
268,Зачем обводить переключатели маркером на обратной стороне платы,7,9,8,6,9,10,9,7,10,10,2,
388,"Как убедиться, что панель установлена ровно",6,8,9,7,8,10,9,8,10,10,2,
508,Я вижу сажу и копоть внутри розетки конфорки,8,9,10,7,8,10,9,8,10,10,2,
628,Можно ли исправить сломанный наушник самостоятельно,7,8,9,6,7,10,8,7,10,10,8,
748,Что за второй шланг подключён к карбюратору,7,8,8,6,6,10,8,7,9,10,2,
868,Нужно ли сушить печатающую головку после очистки,7,8,9,2,6,10,9,7,8,5,1,
988,Как избежать повторного перегрева нового реле,7,8,9,7,8,10,9,8,10,10,4,
29,Стоит ли использовать неоригинальные кабели?,8,9,10,7,8,10,10,8,10,10,2,
149,Можно ли проверить работу телефона до заклейки крышки?,7,8,8,7,7,10,8,7,9,10,4,
269,Как добраться до переключателей на нижних платах,7,6,8,6,8,10,8,7,9,10,9,
389,Когда можно подключать прибор обратно после ремонта,10,9,10,8,10,10,10,9,10,10,4,
509,Как снять электрическую конфорку с моей плиты,8,9,9,7,8,10,9,8,10,10,3,
629,Почему наушники не синхронизированы между собой,7,9,8,7,7,10,9,8,9,10,3,
749,Как извлечь поплавковый клапан и ось,6,9,8,7,7,10,9,8,10,10,3,
989,Что делать с неисправным диском из старого реле,4,7,8,6,6,10,9,7,9,10,3,
869,Можно ли использовать водопроводную воду вместо дистиллированной,10,4,8,2,6,9,7,3,8,5,10,
30,"После перезагрузки логотип Apple появился, но зарядка всё ещё не идёт. Почему?",10,9,8,7,8,10,9,8,10,10,4,
150,"Моя консоль Nintendo Switch совсем не держит заряд, что делать, если я не понимаю, как её чинить?",10,9,10,8,10,10,9,9,10,10,8,
270,Как зафиксировать новый переключатель во время пайки,7,6,8,6,7,10,9,7,10,10,7,
510,"Что делать, если контакты конфорки почернели",8,10,9,7,8,10,9,8,10,10,3,
750,Почему нужно снимать поплавковый клапан при разборке карбюратора,7,8,8,6,6,10,9,7,9,10,5,
390,"Как проверить, что замена прошла успешно",7,9,8,6,5,10,9,8,9,9,4,
630,"Наушники подключаются, но звук идёт с телефона",7,8,8,7,7,10,9,8,10,10,4,
870,Когда можно устанавливать головку обратно,7,8,9,6,7,10,9,8,10,10,5,
990,"Что делать, если после ремонта морозильник не включается",7,9,8,7,8,10,9,8,10,10,3,
31,"Нужно ли менять аккумулятор, если iPhone не заряжается?",8,10,9,9,9,10,9,10,10,10,9,
151,Почему лучше всего использовать оригинальный клей или пред‑нарезанные полоски?,7,9,8,6,7,10,9,8,10,10,2,
271,Как определить правильное положение кнопки перед окончательной пайкой,7,8,9,6,5,10,8,7,10,10,3,
391,"Почему важно, чтобы все защёлки крышки были на месте",8,10,9,7,9,10,9,8,10,10,4,
511,"Может ли изношенная розетка привести к тому, что конфорка не работает",7,9,10,8,6,10,9,8,10,10,2,
631,Как сделать сброс настроек наушников,6,8,7,5,4,10,9,6,10,10,2,
751,"Что делать, чтобы при установке тросик газа работал нормально",8,9,10,7,8,10,9,9,10,10,2,
871,Как правильно установить печатающую головку обратно,7,9,8,7,7,10,9,8,10,10,6,
991,"Как убедиться, что всё работает правильно после ремонта",7,8,9,6,7,10,9,8,10,10,6,
32,"Мой iPhone заряжался, но после обновления перестал. Почему?",10,9,10,8,10,10,10,9,10,10,7,
152,Как удалить контроллеры Joy‑Con перед началом ремонта?,7,8,9,6,7,10,9,7,9,10,5,
272,Как снять верхнюю плату с корпуса,7,8,9,6,7,10,9,8,10,10,3,
392,"Что делать, если после сборки панель всё ещё не светится",8,10,9,7,9,10,9,8,10,10,3,
512,"Как проверить, какая именно часть поломалась — конфорка или розетка",7,9,8,6,6,10,9,7,10,10,2,
632,"Что делать, если после зарядки один наушник не включается",7,8,9,6,7,10,9,8,10,10,3,
872,После установки принтер начал автоматическую чистку — это нормально,10,9,10,8,10,10,10,9,10,10,3,
752,Нужно ли чистить новый карбюратор перед установкой,6,8,7,6,6,10,9,7,9,10,4,
992,Можно ли просто заменить весь блок реле без ремонта,7,9,8,7,8,10,9,8,9,10,3,
33,После чистки порт искрит. Что делать?,8,10,9,7,8,10,9,9,10,10,3,
153,Какими отвёртками нужно откручивать винты на задней крышке?,4,6,5,7,6,10,9,7,8,10,7,
393,Можно ли использовать старую неисправную панель как запасную,7,9,8,6,6,10,9,7,10,10,7,
273,Что нужно учитывать при установке нового переключателя,7,8,9,6,7,10,9,7,9,10,8,
513,"Что делать, если конфорка шатается и плохо сидит в гнезде",10,9,10,7,8,10,9,9,10,10,2,
633,"Почему мои наушники отключаются, когда рядом включён Wi-Fi",8,10,9,7,6,10,9,8,10,10,3,
753,"Как проверить, что всё собрал правильно",7,9,8,6,7,10,9,8,10,10,3,
873,"Как понять, что чистка завершена",7,9,8,7,8,10,9,8,9,10,3,
993,Сколько времени занимает весь процесс ремонта,7,8,9,6,7,10,8,7,9,10,3,
34,"Как понять, грязный ли порт?",7,9,8,6,8,10,9,7,9,10,7,
154,Нужно ли извлекать карту microSD перед вскрытием?,7,8,9,6,5,10,9,7,10,10,6,
274,"Почему стоит менять все кнопки сразу, а не только сломанную",8,10,9,7,9,10,9,8,10,10,8,
394,Почему подсветка панели часто ломается первой,7,9,8,6,7,10,9,8,10,10,2,
514,Почему новая конфорка тоже не работает,8,9,10,7,8,10,9,8,10,10,3,
634,После падения правый наушник стал тише,8,9,10,7,9,10,10,9,10,10,3,
874,Почему после чистки цвета стали смазанными,8,9,10,7,8,10,10,9,10,10,2,
754,Почему нужно проверять натяжение троса газа после установки,10,9,8,7,9,10,9,8,10,10,2,
994,Какие признаки указывают на окончательный выход реле из строя,7,9,8,7,8,10,9,8,9,10,6,
155,"Что делать, если я сорвал один из винтов задней панели?",10,9,10,8,10,10,10,9,10,10,2,
35,Мой iPhone перестал реагировать после зарядки от другой розетки. Это опасно?,8,9,9,8,9,10,9,9,10,10,8,
275,"Что делать, если кнопка не издаёт щелчка",7,8,9,6,7,10,9,8,9,10,3,
395,Почему важно использовать только подходящую панель управления,7,9,8,6,7,10,9,8,10,10,3,
635,Один наушник работает только при открытой крышке кейса,7,9,8,7,8,10,9,8,9,10,2,
515,Почему мультиметр показывает “OL” при проверке нагревателя,7,8,9,6,5,10,9,7,10,10,4,
755,Как установить обратно воздушный фильтр,10,9,8,7,9,10,9,7,10,10,6,
995,Какие инструменты нужны для ремонта,4,6,7,2,3,10,8,3,7,5,1,
875,Какие ошибки могут появиться после чистки,8,9,9,7,8,10,9,9,10,10,7,
156,Какие винты расположены сверху и снизу консоли Switch?,10,9,8,7,9,10,9,8,10,10,8,
36,"Можно ли повредить разъём, если шевелить кабель во время зарядки?",8,9,9,7,8,10,9,8,10,10,3,
276,Что нужно сделать после замены всех переключателей,4,6,7,5,6,10,8,6,9,10,7,
396,Сколько времени занимает этот ремонт,7,9,8,6,7,10,9,8,10,10,3,
756,Чем закрепить карбюратор после установки,10,9,10,8,9,10,10,9,10,10,3,
516,Как очистить контакты на конфорке правильно,8,10,9,7,8,10,9,8,10,10,3,
636,"Что делать, если после обновления приложения звук перестал идти",8,10,9,7,8,10,10,9,10,10,2,
876,Можно ли чистить головку спиртом постоянно,7,9,8,7,8,10,9,8,9,10,6,
37,"Если iPhone заряжается только от одного кабеля, это нормально?",7,8,9,7,8,10,9,8,9,10,5,
996,"Как понять, что ремонт завершился успешно",7,8,8,5,5,10,9,6,10,10,3,
157,Где находятся боковые винты на корпусе Switch?,10,9,8,7,9,10,9,8,10,10,7,
277,Как собрать стиральную машину обратно после ремонта,10,9,8,7,9,10,8,7,10,10,6,
397,Нужно ли разбирать весь аэрогриль для замены панели,7,8,9,6,5,10,9,7,10,10,2,
757,Можно ли использовать старый прокладочный материал между карбюратором и двигателем,7,9,8,7,8,10,9,8,9,10,3,
877,Как предотвратить повторные засоры печатающей головки,8,9,9,7,8,10,9,8,10,10,7,
517,Как протестировать конфорку мультиметром,8,9,10,6,7,10,9,8,10,10,3,
637,Почему звук стал искажённым на одном ухе,7,8,9,7,8,10,9,8,10,10,6,
997,Как часто выходит из строя реле в морозильниках,7,8,8,6,7,10,9,8,9,10,5,
38,"Что делать, если iPhone включается от кабеля, но не заряжается дальше?",8,9,9,7,8,10,9,9,10,10,7,
158,Можно ли откручивать винты обычной Phillips отвёрткой?,7,8,9,6,7,10,9,8,10,10,5,
278,"Как узнать, что ремонт прошёл успешно",6,8,7,4,3,10,9,6,9,10,5,
518,Как извлечь нагревательный элемент на стеклокерамической плите,7,8,9,6,8,10,9,7,10,10,7,
398,Как можно продлить срок службы нового модуля,7,8,9,6,7,10,9,7,10,10,3,
758,Где должна находиться прокладка при установке нового карбюратора,7,8,9,6,7,10,9,8,10,10,5,
638,"Можно ли обновить только один наушник, если второй не работает",7,8,9,7,8,10,9,8,9,10,2,
878,Почему мой принтер расходует много чернил после установки головки,7,8,9,6,7,10,9,8,10,10,8,
159,Почему при открытии крышки нужно приподнять панель снизу?,7,8,9,6,7,10,9,8,10,10,3,
39,"Мой iPhone перестал заряжаться, когда сильно нагрелся. Что это значит?",8,9,8,7,7,10,9,8,9,10,8,
399,Можно ли повредить аэрогриль во время этого ремонта,7,9,8,7,7,10,9,8,10,10,3,
279,"Что делать, если после сборки стиральная машина работает необычно",8,9,9,7,8,10,9,8,10,10,7,
639,Наушники не соединяются после сброса телефона,6,8,7,5,6,10,9,7,9,10,3,
519,"У меня стеклокерамическая панель, как добраться до конфорки",7,9,9,6,6,10,8,7,10,10,5,
759,Чем отличается впускной коллектор от фильтра,10,9,8,7,6,10,9,8,10,10,5,
40,Что если телефон вообще не включается и не заряжается?,7,8,9,6,7,10,9,8,10,10,2,
879,"Что делать, если ошибка не исчезает",8,9,10,7,9,10,9,8,10,10,3,
280,С чего начать замену насоса в стиральной машине Daewoo,8,10,9,7,9,10,9,8,10,10,4,
160,Какой винт держит подставку kickstand?,8,9,10,7,6,10,9,8,10,10,2,
400,Как утилизировать старую электронику после замены панели,1,4,6,2,1,8,5,2,3,5,1,
520,"Как понять, что нагревательный элемент неисправен без мультиметра",8,9,9,7,8,10,9,8,10,10,3,
640,Какой тип батареи подходит для AirTag,10,10,10,10,10,10,10,9,10,10,8,
760,Как подключить топливную линию к новому карбюратору,8,7,9,7,8,10,9,8,10,10,9,
41,Зарядка идёт очень медленно. Почему?,7,8,8,7,7,10,9,8,9,10,3,
880,Как избежать потери половины чернил при установке,7,8,8,6,6,10,9,7,9,10,5,
161,"Что нужно сделать, чтобы снять заднюю панель Switch?",1,2,3,1,1,7,5,1,6,4,1,
281,Где находится насос в Daewoo DWC LDC1412S,6,7,8,5,7,10,9,6,10,10,7,
401,"Мой аэрогриль Chefman RJ38‑V2‑35 перестал выключаться по истечении установленного времени, и я не знаю, как это исправить",7,8,9,6,8,10,10,9,10,10,8,
521,"Почему конфорка работает только, если её повернуть",7,9,8,6,7,10,9,8,10,10,2,
641,Если ни один способ не помогает вернуть звук в левом наушнике,7,8,9,6,8,10,9,7,10,10,4,
761,Мой пульт управления Taranis X9D перестал точно реагировать на движения стиков,7,9,8,7,6,10,8,7,10,10,2,
881,"Можно ли поставить головку раньше, пока влажная",10,9,8,7,10,10,9,8,10,10,2,
42,"Если я всё проверил, а телефон по-прежнему не заряжается, что дальше?",7,9,8,7,7,10,9,8,10,10,4,
162,Что удерживает считыватель microSD карты?,10,9,8,7,8,10,9,8,10,10,4,
282,"Моя стиральная машина Daewoo DWC LDC1412S перестала сливать воду, что делать, если я ничего не понимаю в ремонте",8,9,9,7,8,10,9,8,10,10,6,
402,"Почему замена панели управления помогает не только восстановить работу, но и защитить окружающую среду",7,9,9,6,8,10,9,8,10,10,8,
522,"Что делать, если розетка оплавилась",9,10,8,7,8,10,10,9,10,10,2,
642,"Почему Bluetooth-наушники подключаются, но музыка не звучит",7,8,9,6,6,10,9,8,10,10,2,
762,Когда можно ставить пластиковую облицовку и сиденье обратно,10,9,8,7,10,10,9,8,10,10,6,
882,"Что делать, если после промывки изображение не улучшается",7,8,9,7,8,10,9,8,10,10,2,
43,Почему iPhone перестаёт заряжаться после нескольких секунд?,8,9,9,7,8,10,9,9,10,10,7,
163,Как безопасно снять модуль чтения microSD карты?,7,9,8,6,7,10,9,7,10,10,3,
283,Почему важно проверять правильность подключения разъёмов перед сборкой,8,10,9,7,8,10,9,8,10,10,2,
403,Как начать замену таймера в аэрогриле Chefman RJ38‑V2‑35,7,9,8,6,8,10,9,7,10,10,8,
523,Можно ли починить обгоревшие провода,7,9,9,6,6,10,8,7,10,10,5,
643,"Мой Android не видит наушники, хотя раньше всё работало",7,9,8,7,7,10,8,8,10,10,4,
763,Как безопасно отключить питание в пульте перед ремонтом,7,8,9,7,8,10,9,8,9,10,8,
883,Почему инструментальная чистка не помогает,8,9,9,7,8,10,9,8,10,10,4,
44,Нужно ли что-то делать перед началом ремонта?,7,10,9,6,7,10,8,8,10,10,3,
164,На что обратить внимание при установке microSD ридера обратно?,10,9,10,7,8,10,9,8,10,10,3,
404,После удаления всех винтов как снять верхнюю крышку,7,8,9,6,7,10,9,8,10,10,4,
284,"Перед тем как отсоединять трубки от насоса, зачем нужно сравнивать запчасти",7,8,9,6,7,10,9,8,10,10,3,
524,Как проверить исправность переключателя режима нагрева,7,9,9,7,8,10,9,8,10,10,2,
644,"Как понять, что в AirTag нужно менять батарейку",10,9,10,8,10,10,9,8,10,10,8,
764,Как завершить сборку после замены карбюратора,7,8,9,6,7,10,9,8,10,10,3,
45,"Можно ли просто заменить кабель, не разбирая телефон?",7,8,9,8,9,10,9,9,10,10,2,
884,Как проверить результат после сборки,6,8,9,5,3,10,9,7,10,10,2,
165,"Нужно ли менять розовый термосклад, если я его повредил?",7,9,8,6,8,10,9,7,10,10,3,
285,Как закреплён насос внутри стиральной машины,4,7,6,3,3,10,8,4,9,10,7,
405,"Как отсоединить провода таймера, чтобы установить новый",7,8,9,6,7,10,9,7,10,10,4,
645,"Мой AirTag перестал издавать звук и, кажется, не работает",10,9,10,8,10,10,10,9,10,10,9,
525,Как заменить переключатель на плите,7,8,9,6,7,10,8,7,10,10,8,
765,"После сборки мотоцикл заводится, но работает нестабильно",7,8,8,6,7,10,9,8,9,10,2,
885,Сколько времени занимает вся процедура чистки,8,9,9,7,8,10,9,8,10,10,7,
46,"Что значит, если телефон заряжается только при определённом угле кабеля?",8,10,9,7,8,10,9,8,10,10,3,
166,Что делать с пеной у выхлопа вентилятора?,7,9,8,6,6,10,9,7,9,10,3,
286,Что делать после выкручивания винтов крепления насоса,8,9,9,7,8,10,9,8,10,10,6,
406,Зачем снимать ручку температуры перед разборкой корпуса,4,7,6,6,7,10,8,7,9,10,3,
526,"Одна из конфорок зажигается медленно, но потом греет нормально",8,10,9,7,8,10,9,9,10,10,2,
646,"Как открыть AirTag, чтобы заменить батарейку",10,9,10,8,10,10,10,9,10,10,7,
886,Что такое калибровка в принтере HP,7,8,9,6,6,10,9,7,10,10,2,
766,Что такое Hall effect gimbals и зачем их устанавливать,7,8,9,6,7,10,9,7,10,10,5,
47,Что безопаснее — сначала проверять кабель или порт?,7,8,9,7,8,10,9,8,10,10,4,
287,"Если новый насос визуально совпадает со старым, что делать дальше",8,9,10,6,7,10,9,8,10,10,2,
167,Как правильно отсоединить батарею Switch?,7,8,9,6,5,10,9,8,10,10,2,
407,Что делать после снятия верхней панели аэрогриля,8,9,9,7,8,7,10,8,10,10,7,
527,Как заменить розетку для конфорки,10,9,8,7,9,10,9,8,10,10,6,
647,"Как снять крышку AirTag, если она не открывается",6,7,7,5,3,10,8,6,9,9,3,
767,Почему стики на моём Taranis X9D двигаются с рывками,7,10,9,6,7,10,8,7,9,10,2,
887,"Если цвета всё ещё бледные, можно повторить процедуру",7,8,9,7,8,10,9,8,10,10,6,
48,"Почему телефон реагирует на подключение, но заряд не идёт?",9,10,8,9,9,10,9,9,10,10,5,
168,Почему пластина снялась с усилием?,7,9,8,6,7,10,9,8,10,10,3,
288,Как правильно отсоединить шланги от старого насоса,8,9,9,7,8,10,9,8,10,10,5,
408,Как найти таймер внутри аэрогриля,7,8,9,6,7,10,9,7,10,10,3,
528,"Почему конфорка греет слишком сильно, даже на низкой мощности",8,9,9,7,8,10,9,8,10,10,2,
648,Где находится крышка батареи у AirTag,10,10,10,10,10,10,10,10,10,10,10,
768,"Как убедиться, что ремонт прошёл успешно",7,9,8,6,5,10,9,8,10,10,4,
888,"Что произойдёт, если калибровка сбита",7,8,9,6,7,10,9,8,10,10,3,
49,Какой первый шаг при проблеме с зарядкой iPhone?,7,9,9,8,8,10,9,9,10,10,8,
169,Какую функцию выполняет розовый термоматериал на Switch?,7,8,9,6,7,10,9,8,9,10,6,
289,Сколько шлангов подключено к насосу в машине Daewoo,7,9,8,6,5,10,9,7,9,10,2,
409,"Какие винты нужно открутить, чтобы снять корпус",7,8,9,6,7,10,9,8,10,10,8,
529,Плита перестала реагировать на ручку-регулятор,8,10,9,7,8,10,9,8,10,10,2,
649,"Что делать, если крышка AirTag застряла и не поворачивается",8,10,9,7,8,10,9,8,10,10,3,
769,Я не могу вытащить кабель батареи — тянуть за провода безопасно,7,8,9,7,8,10,9,8,10,10,8,
889,Почему многие старые принтеры перестали поддаваться чистке,7,8,8,6,7,10,9,7,9,10,8,
50,"Мой Google Pixel 9 делает мутные и пятнистые селфи, что делать, если я ничего не понимаю в ремонте?",7,9,8,6,8,10,9,8,9,10,7,
170,Как снять металлическую защитную пластину (shield plate)?,8,9,10,7,8,9,10,9,10,10,9,
290,Как правильно отключить провода от старого насоса,6,8,9,7,8,10,9,8,10,10,5,
410,Чем лучше всего сжимать пластиковые фиксаторы,7,9,8,6,7,10,9,8,10,10,2,
530,"Что означает, если при проверке выключателя мультиметр ничего не показывает",8,9,9,7,8,10,9,9,10,10,4,
650,Где находится батарейка в AirTag,10,9,10,8,10,10,10,8,10,10,7,
770,С чего начать замену джойстиков на Taranis X9D,7,8,9,6,8,10,8,7,10,10,9,
890,Можно ли восстановить калибровку без сервисных картриджей,7,8,9,6,5,10,8,7,10,10,7,
51,"Телефон стал плохо фотографировать спереди, иногда камера вообще не включается. Как починить?",7,9,8,7,8,10,9,8,9,10,6,
171,Можно ли повредить плату при снятии батареи?,8,9,9,7,8,10,9,8,10,10,6,
291,"Почему важно отметить, где какой провод при отключении насоса",4,8,7,5,3,10,9,6,10,10,6,
411,"Моя кофеварка набирает воду и молотый кофе, но кофе остаётся холодным после нажатия кнопки запуска",10,10,10,8,9,10,10,9,10,10,2,
531,Можно ли проверить розетку без мультиметра,7,8,9,6,7,10,9,8,10,10,3,
651,Как достать батарейку из AirTag,7,9,8,6,7,10,9,8,10,10,7,
771,"Как разобрать пульт, чтобы добраться до джойстиков",7,9,8,6,7,10,9,7,10,10,4,
891,Работает ли этот трюк на всех моделях HP,8,6,9,5,7,10,8,7,10,10,7,
52,"Можно ли самостоятельно заменить переднюю камеру в Pixel 9, если я никогда не разбирал телефон?",7,9,8,10,9,10,9,8,10,10,9,
292,"После отсоединения шлангов, что нужно сделать дальше",10,9,10,8,10,10,10,9,10,10,3,
172,Чем размягчить клей под аккумулятором Switch?,7,6,7,6,7,10,8,7,9,10,3,
412,Как завершить замену таймера после его установки,8,9,9,7,8,10,9,8,10,10,3,
532,Как предотвратить короткое замыкание в розетке конфорки,7,9,8,6,5,10,9,7,10,10,3,
652,"Как узнать, в какую сторону поворачивать крышку AirTag",4,6,5,3,2,10,8,4,9,7,5,
772,Почему нужно наклонить все переключатели вперёд перед разборкой,7,8,9,5,6,10,9,7,10,10,3,
892,"Как понять, что принтер больше не подлежит восстановлению",7,9,8,8,8,10,9,9,10,10,6,
53,Нужно ли выключать телефон перед тем как разбирать Pixel 9?,10,9,8,7,9,10,9,8,10,10,8,
173,Как не повредить батарею при отделении?,4,7,6,6,7,10,8,7,9,9,8,
293,Что делать после отсоединения шлангов и проводов от старого насоса,8,9,9,7,8,10,9,8,10,10,5,
413,"Моя кофеварка не включается, хотя шнур подключён к розетке",7,8,9,7,8,10,9,8,10,10,4,
533,Конфорка после чистки перестала греться,7,9,9,7,8,10,9,8,10,10,3,
653,Каким образом снять крышку после поворота,6,8,7,5,6,10,9,7,10,10,3,
773,Почему пульт нужно положить экраном вниз при разборке,6,8,9,5,4,10,9,6,10,10,2,
893,Можно ли использовать ультразвуковую ванночку для чистки,7,8,9,6,6,10,9,7,10,10,5,
54,Почему советуют разряжать батарею до 25% перед ремонтом?,8,9,9,7,8,10,9,8,10,10,5,
174,Почему нужно наклонить устройство при нанесении спирта?,7,9,8,7,7,10,8,8,9,10,4,
294,Когда можно устанавливать новый насос,7,9,8,6,7,10,9,8,10,10,3,
414,"Кофеварка выключилась сама и не нагревается снова, это поломка или особенность",7,8,9,6,7,10,9,8,10,10,6,
534,"Что будет, если не очищать контакты долгое время",9,10,8,7,8,10,9,8,10,10,5,
654,Как вставить новую батарейку в AirTag,6,8,9,7,10,10,9,7,10,10,8,
774,"Как правильно разделить корпус пульта, чтобы ничего не повредить",8,9,10,7,8,10,9,8,10,10,2,
894,"Стоит ли чинить старый принтер, если требуется новая головка",7,9,8,6,8,10,9,7,9,10,4,
55,"Как открыть корпус Pixel 9, если я никогда этого не делал?",7,9,8,6,7,10,9,7,10,10,3,
175,Почему нельзя сгибать батарею во время снятия?,10,9,10,8,9,10,9,9,10,10,9,
295,Можно ли включить стиральную машину сразу после сборки,10,9,10,8,10,10,10,9,10,10,2,
415,Что такое термостат в кофеварке и зачем он нужен,8,7,9,6,5,10,9,7,10,10,7,
535,Почему из розетки конфорки идёт запах гари,10,9,8,7,9,10,9,8,10,10,3,
655,После замены батарейки AirTag нужно заново подключать к iPhone,8,9,10,7,9,10,10,9,10,10,8,
775,Можно ли использовать старые болты для крепления новых джойстиков,10,9,10,8,10,10,10,9,10,10,3,
895,Как отличить успешную чистку от неисправной печатающей головки,7,8,8,6,7,10,9,8,9,10,8,
56,"Что делать, если заднее стекло треснуто и присоска не держится?",1,2,2,3,2,9,7,3,8,7,1,
176,Когда использовать пластиковую карту при замене батареи Switch?,7,9,10,6,5,8,9,7,10,10,3,
416,Чем измерить состояние нагревательного элемента или термостата в кофеварке,7,8,9,6,7,10,9,8,10,10,4,
296,Что делать после установки новой помпы,7,8,9,5,6,10,9,8,10,10,4,
536,"Если конфорка работает, но мигает или выключается",7,8,9,6,7,10,9,8,9,10,3,
656,Как долго служит батарейка в AirTag,10,9,8,7,10,10,9,8,10,10,7,
776,Сколько винтов нужно снять на задней части корпуса после этого,7,8,9,6,7,10,9,8,10,10,2,
896,"Нужно ли менять всю дверь, если резиновая прокладка не держит",10,9,10,8,10,10,10,9,10,10,3,
57,Можно ли вставлять инструмент глубоко под заднее стекло?,4,7,6,6,5,9,8,7,9,10,8,
177,"Как долго ждать после нанесения спирта перед тем, как отделить батарею?",8,9,9,7,8,10,9,8,10,10,4,
297,Как закрепить новый насос внутри машины,7,8,9,6,7,10,9,7,10,10,3,
417,"Моя кофеварка не греет, но индикаторы на ней светятся, что делать",8,9,10,7,8,10,9,8,10,10,3,
537,Можно ли использовать старую розетку с новыми проводами,8,9,9,7,8,10,9,8,10,10,6,
657,"Что делать, если после замены батарейки AirTag не издаёт звук",6,8,7,6,7,10,9,8,9,10,7,
777,В каком направлении подключаются провода новых джойстиков,10,9,8,7,6,10,10,9,10,10,2,
58,"Что будет, если я не отключу кабели перед началом ремонта?",8,10,9,7,8,10,9,9,10,10,4,
897,Что делать после успешного ремонта,7,8,9,6,5,10,8,7,10,10,3,
178,"Что делать, если батарея не отходит от корпуса?",4,6,5,6,5,10,8,7,9,10,3,
298,"Что делать, если после замены насос не работает",7,9,8,6,7,10,9,8,10,10,4,
418,"Как проверить, исправен ли нагревательный элемент кофеварки",7,8,9,6,8,10,9,7,9,10,3,
658,Мой AirTag долго лежал без использования и не открывается,10,9,10,8,10,10,9,9,10,10,9,
778,"Как понять, где левый и правый джойстик при установке новых",10,9,10,10,10,10,10,8,10,7,10,
538,"Как понять, что розетка конфорки требует замены",10,9,8,7,9,10,9,8,10,10,3,
898,"Дверца моего холодильника перестала закрываться плотно, и он сам открывается через несколько минут",9,10,8,7,8,10,9,8,10,10,8,
59,Как правильно прикрепить присоску к телефону?,10,9,8,7,9,10,9,8,10,10,2,
179,С какой стороны начинать отделять аккумулятор от корпуса?,7,8,9,6,7,10,9,7,10,10,4,
299,"Как проверить, правильно ли закреплён насос после замены",8,9,9,6,5,10,9,7,9,10,3,
419,Почему моя кофеварка перестала греть воду после долгого использования,8,9,9,7,8,10,9,8,9,10,3,
659,Можно ли удалить горькое покрытие с батарейки,10,10,10,10,10,10,10,10,10,10,10,
539,"Можно ли послушать, работает ли нагреватель по звуку",7,9,10,8,10,10,10,8,10,9,2,
0,"Если кабель внешне не повреждён, но зарядка не идёт, как проверить, что проблема именно в нём?",8,9,10,7,9,10,10,9,10,10,4,
779,Как отсоединить старые джойстики,6,8,7,7,7,10,9,8,9,10,3,
899,Почему холодильник стал дольше работать и плохо держит холод,7,10,9,6,8,10,9,9,10,10,3,
60,Как измерить безопасную глубину для инструмента?,4,6,7,5,5,9,8,6,9,9,6,
180,Можно ли установить старую батарею обратно?,9,10,8,7,9,10,10,9,10,10,6,
420,"Как понять, что нужно менять термостат кофеварки",10,9,8,7,9,10,9,8,10,10,3,
300,Почему насос может не подходить по конструкции,10,9,8,7,6,10,9,8,10,10,3,
540,"Что делать, если все конфорки работают, кроме одной, и она новая",8,9,9,7,8,10,9,8,10,10,3,
660,Какая батарейка подойдёт лучше — с покрытием или без,10,9,8,7,9,10,9,8,10,10,2,
780,Когда пульт можно закрывать после установки джойстиков,7,8,9,6,8,10,9,7,10,10,7,
900,С чего начать ремонт резинки на дверце холодильника,8,9,9,7,8,10,9,8,10,10,7,
1,"Если после чистки порт всё равно не работает, что это значит?",6,7,8,5,6,10,9,7,9,10,3,
61,"Я тяну присоску, но стекло не отходит. Что делать?",7,8,9,6,7,10,9,8,10,10,3,
181,Как очистить отсек от старого клея?,9,10,8,7,8,10,9,8,10,10,3,
301,"Почему насос нужно располагать точно в том же положении, что и старый",7,8,9,6,8,10,9,7,10,10,7,
421,"Можно ли отремонтировать перегорающий предохранитель, если он сгорел",8,9,9,8,9,10,9,9,10,10,4,
541,"Как понять, нормальный ли контакт у конфорки",7,8,9,7,7,10,8,8,9,10,5,
661,"Что делать, если крышка не закрывается",7,8,8,6,6,10,9,7,9,10,4,
781,"Что делать, если новый джойстик не встаёт на место",8,9,9,7,8,10,9,8,10,10,6,
901,"Как найти, чем прикреплён уплотнитель к двери",8,9,9,7,8,10,9,8,10,10,9,
2,"Что делать, если после смены кабеля зарядка всё равно не идёт?",7,9,10,8,9,10,10,9,10,10,2,
62,Можно ли использовать металлический нож вместо лопатки?,8,10,9,7,9,9,10,8,10,10,2,
302,Что делать со старым насосом после замены,4,6,7,5,7,10,9,6,8,10,3,
182,Как установить новую батарею правильно?,7,8,9,6,7,10,9,8,10,10,5,
422,Что такое предохранитель внутри кофеварки и как он работает,7,9,8,7,7,10,9,8,9,10,5,
542,Почему новая розетка быстро загрязнилась,8,9,10,7,8,10,9,8,10,10,3,
662,Можно ли повредить AirTag при замене батарейки,10,6,8,7,9,10,9,8,10,5,10,
902,Что понадобится для ремонта дверного уплотнителя холодильника,9,10,8,7,8,10,9,8,10,10,9,
782,Как зафиксировать заднюю крышку пульта,10,9,8,7,7,10,10,9,10,10,2,
303,"Можно ли повредить стиральную машину, если она лежит неправильно",8,10,9,7,7,10,10,8,10,10,4,
3,"Я вставляю кабель в iPhone, но зарядка не начинается. Что делать, если я не знаю, почему это так?",7,8,9,7,8,10,9,8,9,10,8,
63,Как не потерять винты при разборке?,4,8,7,5,5,10,9,6,8,7,2,
423,Как проверить плавкий предохранитель моей кофеварки,7,8,9,6,7,10,9,8,10,10,5,
183,"Что делать, если новая батарея не имеет клея?",7,9,8,7,7,10,9,8,9,10,4,
543,Нужно ли вынимать вилку из розетки при осмотре конфорки,8,9,9,7,8,10,9,8,10,10,6,
663,Можно ли использовать любую CR2032 батарейку,10,9,10,8,10,10,9,9,10,10,6,
783,Каким инструментом прикрутить новые джойстики к корпусу,8,9,10,7,8,10,9,8,10,10,6,
903,Нужно ли полностью вынимать все винты,8,9,9,7,8,10,9,8,10,10,6,
304,"Что делать, если после замены остаётся течь воды снизу",8,9,10,8,9,10,9,9,10,10,7,
4,"Чем безопасно очистить разъём зарядки iPhone, если я не специалист?",10,9,8,7,8,10,9,8,10,10,7,
64,Нужно ли разрезать клей только снизу?,7,9,9,7,8,10,9,8,10,10,2,
184,Почему нужно разрядить батарею перед началом?,8,9,9,7,7,10,9,8,10,10,7,
424,Как часто нужно проводить очистку кофеварки от накипи,10,9,8,7,9,10,9,8,10,10,9,
544,Как тестировать питание до розетки мультиметром,7,9,10,8,9,9,10,9,10,10,8,
664,После замены крышка должна плотно закрываться,7,8,9,6,7,10,9,8,10,10,3,
784,Можно ли подключать батарею сразу после сборки,6,8,7,5,6,10,9,7,10,10,3,
904,Можно ли оставить холодильник включённым во время ремонта,8,9,10,6,5,10,9,7,10,10,2,
305,"Как долго длится замена насоса, если делать всё по шагам",7,8,9,6,7,10,9,7,9,10,3,
5,"Как сделать принудительную перезагрузку на iPhone 11, если он перестал заряжаться?",7,9,8,7,8,10,9,8,9,10,6,
65,После снятия стекла что нужно сделать первым?,10,9,10,7,9,8,9,8,10,10,8,
185,Какие меры безопасности нужны при работе с вздутой батареей?,10,9,8,7,9,10,9,9,10,10,2,
425,"Почему кофеварка шумит, но кофе не течёт",7,8,8,6,7,10,9,7,9,10,7,
545,"Что делать, если мультиметр показывает сопротивление меньше 20Ω",7,8,8,6,7,10,9,8,10,10,4,
665,"Нужны ли инструменты, чтобы поменять батарейку в AirTag",10,9,10,8,10,10,10,9,10,10,9,
785,Как правильно закрыть корпус обратно,8,9,10,7,8,10,9,8,10,10,5,
905,"Могу ли я просто оторвать резинку силой, если она присохла",7,9,8,7,6,10,9,8,9,10,3,
306,"Как проверить, что новый насос работает исправно",7,9,8,6,7,10,9,8,10,10,4,
6,"Мой iPhone вдруг перестал заряжаться без видимых причин, не падал и не намок. Что может быть причиной?",9,8,9,8,9,10,8,9,10,10,9,
66,"Я почти снял заднее стекло, но оно всё ещё держится. Что делать?",9,10,8,7,7,10,9,8,10,10,3,
186,Почему нельзя хранить или использовать полностью «мертвую» батарею Switch?,7,8,9,7,8,10,9,8,10,10,6,
426,"Что делать, если кофеварка греет, но не варит",7,9,8,6,7,10,9,8,9,10,7,
666,"Если при нажатии крышка не двигается, я делаю что-то не так",7,9,9,6,7,10,8,7,9,10,2,
546,Если конфорка искрит при подключении другой,7,9,8,6,7,10,9,8,9,10,7,
786,"Если на экране пульта движения стиков не совпадают, что делать",7,8,9,6,8,10,9,7,10,10,5,
906,Как аккуратно снять старый уплотнитель,7,8,9,6,7,10,9,7,10,10,5,
7,"У меня iPhone 7, он перестал заряжаться, но включается. Как сделать перезагрузку прошивки?",8,9,9,7,8,10,9,8,10,10,7,
67,"Что мне нужно, чтобы закрепить новое заднее стекло?",10,9,10,8,10,10,10,9,10,10,2,
187,Почему не стоит использовать неоригинальные отвёртки при ремонте Switch?,7,8,9,6,8,10,9,7,9,10,4,
307,Почему важно всё записывать и фотографировать во время ремонта,1,4,6,2,1,8,7,3,9,5,1,
427,Можно ли включать кофеварку без воды,10,9,10,10,10,10,10,8,10,10,10,
547,Почему конфорка иногда искрит после установки,7,8,9,6,7,10,9,8,10,10,3,
667,Зачем нажимать на крышку AirTag при открытии,10,9,9,7,6,10,8,8,10,10,4,
787,"Как убедиться, что установка прошла успешно",10,9,10,8,10,10,10,9,10,10,3,
907,Как правильно сушить уплотнитель после мойки,8,9,9,7,8,10,9,8,10,10,2,
8,"Мой iPhone не заряжается, хотя он включается. Что мне сначала проверить, если я ничего не понимаю в ремонтах?",8,9,9,7,8,10,9,8,10,10,8,
68,Какие могут быть последствия ремонта для влагозащиты Pixel 9?,6,8,7,5,5,10,8,6,9,10,3,
188,"Что сделать, если винт слишком тугой и не откручивается?",8,9,9,7,8,10,9,8,9,10,3,
308,Как избежать ошибок при установке нового насоса,7,8,9,6,7,10,9,7,10,10,3,
428,"Если в моей кофеварке нагрев есть, но кофе не горячий, что это может быть",8,9,9,7,8,10,9,8,10,10,6,
548,Можно ли отремонтировать конфорку с трещинами на металле,7,8,9,6,5,10,9,8,10,10,4,
668,"Можно ли заменить батарейку быстрее, чем за две минуты",10,9,8,7,8,10,10,9,10,10,2,
908,"Чем можно обработать уплотнитель, чтобы он не трескался",9,10,8,7,8,10,9,8,9,10,6,
788,"Что делать, если пульт не включается после сборки",7,8,8,7,7,10,8,8,9,10,6,
9,Мой старенький iPhone 6 не реагирует на зарядку. Как перезапустить его?,8,9,8,9,8,10,9,9,10,10,8,
69,Как снять крышку платы?,6,8,9,7,7,10,9,8,10,10,8,
189,Какие конкретно модели Switch совместимы с этой батареей?,4,6,5,7,8,10,9,7,9,9,7,
309,"Что будет, если пропан случайно начнёт выходить при ремонте",8,9,9,6,7,10,9,8,10,10,4,
429,"Моя кофеварка варит кофе, но через некоторое время полностью выключается",7,8,9,7,8,10,9,8,9,10,4,
549,Если конфорка троит и выключается при нагреве,8,10,9,7,8,10,9,9,10,10,3,
669,Как заменить неисправный переключатель на моём гайковёрте,8,10,9,7,9,10,9,8,10,10,6,
789,Нужно ли калибровать новые джойстики Hall effect,7,8,9,6,7,10,9,8,10,10,4,
10,"Почему мой новый кабель не заряжает телефон, хотя у друзей работает?",10,9,10,8,10,10,10,9,10,10,2,
909,Что нужно сделать после снятия старого уплотнителя,10,9,8,7,9,10,9,8,10,10,4,
70,Можно ли использовать обычную отвёртку вместо Torx Plus?,8,9,9,7,8,10,9,8,10,10,4,
190,Можно ли использовать устройство без батареи во время ремонта?,7,8,9,6,5,10,9,7,10,10,3,
310,Как безопасно отключить газ от гриля перед ремонтом,7,8,9,6,5,10,9,7,10,10,3,
430,Можно ли использовать уксус для очистки кофеварки,10,8,9,10,10,10,10,10,10,7,10,
550,"Когда я включаю духовку, пахнет газом, это нормально",8,10,9,7,8,10,9,9,10,10,6,
670,Мой гайковёрт Performance Tool W54002 перестал менять направление вращения,10,9,10,8,10,10,9,9,10,10,7,
790,Как долго занимает замена джойстиков,4,7,8,5,6,10,9,6,9,10,3,
910,Почему стоит использовать именно силиконовую смазку,7,8,9,6,7,10,9,7,10,10,3,
11,"Если мой iPhone подключен, но значок зарядки не показывает заряд, что это значит?",10,9,10,8,10,10,10,9,10,10,8,
71,Что делать после снятия крышки платы?,7,9,8,7,7,10,8,8,10,10,4,
191,Можно ли использовать обычную термопасту вместо термогеля?,10,9,8,7,9,10,9,8,10,10,6,
311,Что делать после успешной замены,8,9,10,6,5,10,9,8,10,10,4,
431,Можно ли самостоятельно заменить нагревательный элемент,7,8,9,6,7,10,9,8,10,10,3,
551,Запах газа из духовки не исчезает даже после нагрева,10,9,10,7,8,10,10,9,10,10,3,
671,"Как понять, что крышка AirTag открыта",7,8,9,6,8,10,9,7,10,10,8,
791,"Если один стик работает, а другой нет",7,8,6,5,2,10,9,6,10,10,3,
911,"Что делать, если на уплотнителе трещины или разрывы",10,9,10,8,10,10,9,9,10,10,9,
12,"iPhone включается, но быстро разряжается и не держит заряд. Почему?",9,9,10,8,9,10,9,9,10,10,8,
72,Можно ли перепутать винты по длине?,7,8,9,6,7,10,9,7,10,10,3,
192,Как долго займёт полная замена батареи Switch?,6,8,9,7,8,10,9,8,10,10,2,
312,Нужно ли использовать специальные инструменты для этой работы,7,8,8,6,7,10,9,8,9,10,3,
432,Почему кофеварка останавливает нагрев во время работы,8,10,9,7,8,10,9,8,10,10,2,
672,"Что делать, если устройство упало после замены батарейки",7,6,8,6,7,10,9,8,10,10,2,
552,"Что делать, если после всех замен конфорка всё равно не включается",7,8,9,7,7,10,9,8,10,10,4,
792,Можно ли повредить джойстики при установке,7,9,8,6,5,10,9,7,10,10,3,
912,"Почему важно немного ослабить винты, а не выкрутить их полностью",8,9,10,7,8,10,9,8,10,10,6,
13,После обновления iOS телефон перестал заряжаться. Что делать?,7,8,9,7,8,10,9,8,10,10,8,
73,Как безопасно отсоединить шлейф вспышки?,7,9,8,6,7,10,9,8,10,10,3,
193,Почему нельзя использовать металлические инструменты рядом с аккумулятором?,10,9,8,7,8,10,9,8,10,10,7,
313,"Куда деть старый шланг, если я его заменяю",7,9,8,6,7,10,9,8,10,9,3,
433,Как безопасно разобрать кофеварку для диагностики,7,9,8,6,7,10,9,6,10,10,5,
553,"Духовку недавно передвинули, и теперь чувствуется запах газа",10,9,10,8,9,10,9,9,10,10,3,
673,AirTag перестал работать после установки новой батарейки,7,8,9,6,7,10,9,8,10,10,7,
793,Почему новые джойстики считаются лучше старых,3,4,6,2,2,10,7,3,8,5,1,
913,Почему стоит начинать установку с угла,3,4,3,4,3,10,8,4,9,8,2,
14,Мой iPhone перестал заряжаться ночью. Он просто лежал. Что случилось?,10,9,10,8,10,10,10,9,10,10,7,
74,Как не поцарапать корпус при извлечении камеры?,6,8,9,7,8,10,9,7,10,10,8,
194,Что делать со старой батареей после замены?,7,8,9,6,8,10,9,7,10,10,4,
314,Как правильно отсоединить шланг от газового баллона,10,9,8,7,6,10,9,8,10,10,2,
434,Как проверить целостность проводки кофеварки,7,9,8,7,7,10,9,8,10,10,6,
674,Как собрать AirTag обратно после замены,10,9,10,8,10,10,10,10,10,9,10,
554,"Почему моя духовка пахнет тухлыми яйцами, когда я включаю нагрев",7,9,8,6,7,10,9,8,10,10,2,
794,Что делать после завершения установки,7,8,9,6,5,10,9,7,10,10,2,
914,Как правильно установить уплотнитель обратно,10,9,8,7,9,10,8,8,10,10,8,
15,"Мой телефон начал заряжаться через раз, иногда да, иногда нет. Что может быть?",6,8,7,6,7,10,9,8,9,10,5,
195,Нужно ли менять термопасту при снятии защитной пластины?,8,9,10,7,8,10,9,8,10,10,7,
75,"Как правильно отключать батарею, чтобы не повредить разъём?",8,9,10,7,8,10,9,8,10,10,6,
315,Где находится батарейка в электрическом поджиге гриля,8,10,9,7,9,10,10,8,10,10,3,
555,"Как проверить, не течёт ли газ из моей духовки",10,10,10,9,10,10,10,8,10,10,2,
435,Почему моя кофеварка не подаёт признаков жизни после долгого хранения,7,9,8,7,7,10,9,8,10,10,6,
675,Как снять аккумулятор с гайковёрта Performance Tool W54002,7,6,8,6,7,10,9,7,10,10,5,
795,"Как понять, что ремонт выполнен правильно",8,9,9,7,8,10,9,8,10,10,6,
915,Как наносить смазку — толстым или тонким слоем,8,10,9,7,8,10,9,8,10,10,3,
196,Что делать после сборки консоли?,7,8,9,6,7,10,9,8,10,10,3,
76,Что делать после того как снял рамку и катушку зарядки?,7,8,9,7,8,10,9,8,9,10,3,
316,"Мой газовый гриль перестал зажигаться и не подаёт газ, я не знаю, с чего начать ремонт",7,8,9,6,7,10,9,8,10,10,8,
436,Почему важно проводить техническое обслуживание кофеварки,10,9,8,7,9,10,9,8,10,10,7,
556,"Я боюсь подходить к духовке, чтобы проверить соединения, если пахнет газом",10,8,9,7,8,10,9,8,10,10,2,
676,Почему мой гайковёрт не реагирует на кнопку включения,8,10,9,7,8,10,9,8,10,10,2,
796,Как безопасно открыть корпус веб-камеры,7,8,9,6,7,10,9,8,10,10,4,
916,"Чтобы вернуть уплотнитель, нужно ли затягивать винты сразу",10,9,8,7,9,10,9,8,10,10,8,
77,Можно ли тянуть за кабель батареи рукой?,8,10,9,7,8,10,9,8,10,10,3,
197,Какие инструменты нужны для замены батареи?,7,6,6,6,5,10,8,7,9,10,7,
317,Почему мой гриль не щёлкает при нажатии кнопки розжига,8,9,10,7,8,10,9,8,10,10,2,
437,Можно ли отключить функцию автоматического выключения кофеварки,8,9,9,7,6,10,9,8,10,10,3,
677,Как безопасно начать ремонт гайковёрта,8,10,9,7,8,10,9,9,10,10,2,
557,Почему в духовке слышен «вжух» при зажигании,8,10,9,7,8,10,9,9,10,10,4,
797,"Что делать, если передняя панель не снимается",8,10,9,7,8,10,9,8,10,10,2,
917,"Как понять, что уплотнитель закреплён правильно",9,10,8,7,7,10,9,8,10,10,7,
78,Как отсоединить фронтальную камеру от платы?,6,8,7,5,6,10,8,7,9,10,3,
198,Можно ли использовать обычную Phillips отвёртку вместо JIS при замене ридера?,10,6,6,2,8,9,10,6,10,3,1,
318,Что такое жиклёр и зачем он нужен в гриле,10,9,8,7,10,10,9,6,10,10,2,
438,"Что делать, если кофе становится тёплым, а не горячим после заваривания",8,9,9,7,8,10,9,8,10,10,3,
558,"Что делать, если газ пахнет сильнее при розжиге духовки на пропане",8,9,9,7,8,10,9,8,10,10,4,
678,"Какая отвёртка подходит, чтобы открутить винты корпуса гайковёрта",10,9,10,8,9,10,10,9,10,10,2,
798,"Как понять, что именно повреждено в моей Anivia 1080p",8,9,9,6,7,10,9,8,10,10,2,
918,"Что делать, если уплотнитель съехал после закручивания",8,9,9,7,8,10,9,8,10,10,9,
79,"Что делать, если камера не вынимается легко?",7,9,8,6,6,10,9,7,10,10,3,
199,Почему важно полностью выключить консоль перед ремонтом?,4,7,8,3,3,10,9,5,10,10,6,
319,"Как открутить шланг от жиклёра, чтобы заменить его",7,9,10,8,9,10,9,9,10,10,3,
439,Может ли мягкая вода влиять на работу кофеварки,10,9,8,7,10,10,9,8,10,10,3,
559,"Что значит, если воспламенитель светится, но за 90 секунд огонь не появляется",6,7,7,6,6,10,9,8,9,10,5,
679,"Сколько винтов нужно открутить, чтобы разобрать корпус гайковёрта",3,7,8,5,6,10,9,6,10,10,2,
799,"Что мне нужно, чтобы отремонтировать разъём в веб-камере Anivia 1080p",9,10,8,7,8,10,9,8,10,10,8,
919,"Как проверить, что дверь закрывается герметично",6,7,8,4,3,10,9,5,9,9,2,
80,Что нужно сделать перед установкой новой камеры?,10,9,8,7,9,10,10,9,10,10,2,
200,Какие инструменты понадобятся для замены microSD ридера на Switch?,10,10,9,7,6,10,8,8,10,10,3,
320,"После замены батарейки гриль всё ещё не включается, что дальше",7,8,8,6,7,10,9,7,9,10,4,
440,"Что делать, если после всех проверок кофеварка всё равно не нагревается",8,10,9,7,8,10,9,8,10,10,2,
560,Духовка слабо зажигается и пахнет газом перед поджигом,9,10,8,7,9,10,9,8,10,10,4,
680,Что такое винты T-25 и где они находятся,10,9,8,7,9,10,10,8,10,10,3,
800,Моя веб-камера Anivia 1080p начала показывать мигающее изображение и периодически отключается,7,8,8,6,7,9,8,7,9,9,9,
920,Можно ли повредить пластик при закручивании винтов,9,8,10,7,6,10,9,8,10,10,3,
81,Как удалить старый клей?,8,9,9,7,8,9,10,8,10,10,3,
201,"Как убедиться, что всё собрано правильно?",8,9,9,7,8,10,9,8,10,10,3,
321,Где находится соединение между шлангом и корпусом гриля,7,9,9,6,6,10,8,7,10,10,2,
441,"Как узнать, что кофеварка требует замены деталей",9,10,10,8,9,10,10,10,10,10,6,
561,"Как проверить, работает ли воспламенитель в газовой духовке",7,9,8,7,7,10,9,8,9,10,3,
801,"После открытия корпуса я вижу плату и камеру, но не знаю, что дальше",6,8,7,5,6,10,9,7,10,10,4,
681,После снятия верхних винтов корпус всё ещё не открывается,7,8,9,6,5,10,9,7,10,10,2,
921,"Можно ли использовать фен, чтобы резина быстрее стала мягче",7,6,4,5,3,6,9,6,8,9,2,
82,Как установить новый клей для камеры?,7,8,9,6,7,10,9,7,10,10,5,
202,"Мой Nintendo Switch перестал видеть microSD карту, и я не понимаю, почему, что делать?",7,8,9,6,8,10,9,8,10,10,6,
322,Как заменить батарейку в поджиге гриля,10,9,10,8,10,10,9,9,10,10,2,
442,"Мой пылесос iwoly V600 совсем перестал тянуть пыль, хотя мотор гудит нормально",7,8,8,6,6,10,9,7,9,10,6,
562,"Духовка пропанового типа пахнет сильнее, чем раньше",10,9,8,7,8,10,9,8,10,10,3,
682,Как снять переднюю крышку гайковёрта,7,8,9,6,7,10,9,7,10,10,2,
802,Почему нужно держать плату во время выкручивания винтов,8,10,9,7,8,10,9,8,10,10,2,
922,После сборки дверь всё ещё слабо закрывается — это нормально,9,10,8,7,8,10,9,8,10,10,3,
83,"Как проверить, работает ли камера после замены?",4,6,7,4,3,10,8,5,9,10,2,
203,"Если ремонт не удался, где можно получить помощь?",7,8,8,6,7,10,9,8,10,10,4,
323,Нужно ли применять большую силу при откручивании шланга,7,9,8,6,7,10,9,8,10,10,3,
563,Почему духовка загорается только если хлопнуть дверцей,8,9,10,8,9,10,9,9,10,10,3,
443,"Когда я нажимаю кнопку включения пылесоса iwoly V600, ничего не происходит",7,8,8,6,6,10,9,7,10,10,2,
683,Как открыть корпус устройства,7,8,9,6,6,10,9,7,10,10,3,
803,Как вынуть плату из корпуса правильно,7,10,9,8,9,10,9,9,10,10,7,
923,"Холодильник работает, но дверь всё ещё отходит",8,10,9,7,8,10,9,9,10,10,4,
84,Как протестировать телефон перед окончательной сборкой?,7,8,9,6,7,10,9,8,10,10,7,
204,Какие винты удерживают заднюю панель Switch?,7,9,8,6,8,10,9,7,10,10,9,
324,"Что будет, если перетянуть гайку на шланге",10,9,8,8,9,10,9,9,10,10,4,
444,"Я не могу найти, где в iwoly V600 находится фильтр",1,3,2,4,3,10,8,5,9,9,2,
684,"Что делать, если к переключателю подсоединены провода",7,8,9,6,8,10,9,7,10,10,7,
564,"Как понять, что запах газа при включении духовки нормальный",8,9,9,7,9,10,8,8,10,10,7,
804,Как отсоединить кабель от платы,6,8,7,6,5,10,9,7,10,10,2,
924,"Что делать, если лист легко вытаскивается",8,10,9,7,8,10,9,9,10,10,4,
85,После наклеивания клея нужно ли снимать защитную плёнку сверху?,8,10,9,7,8,10,10,8,10,10,3,
205,"Что делать, если винты на задней панели сорваны?",8,9,9,7,8,10,9,9,10,10,3,
325,Как установить новый шланг после снятия старого,7,8,9,6,7,10,9,7,10,10,4,
565,"Газ чувствуется сильнее, чем обычно, при каждом включении",9,9,10,8,9,10,9,9,10,10,2,
445,После замены фильтра iwoly V600 плохо тянет воздух,6,8,7,6,7,10,9,7,9,10,7,
685,"Мне нужно заменить триггерный переключатель, как его достать",7,8,9,6,8,10,8,7,9,10,7,
805,После пайки что делать перед сборкой,8,9,10,7,8,10,9,8,10,10,3,
925,Что если в процессе чистки резинки вода попала внутрь двери,8,9,9,7,8,10,9,8,10,10,3,
86,Что делать после установки новой камеры?,10,9,10,7,8,10,10,9,10,10,2,
206,Нужно ли снимать подставку Kickstand сзади Switch для добирания до ридера?,10,9,10,8,7,10,10,9,10,10,2,
326,"Как понять, что соединение установлено правильно",7,8,8,6,7,10,9,8,9,10,4,
446,Пылесос iwoly V600 стал пылить из выхлопного отверстия при работе,7,8,9,6,7,10,9,8,10,10,5,
686,Сколько проводов подключено к переключателю,7,8,9,6,7,10,9,8,10,10,5,
566,Как проверить соединения газопровода за духовкой,10,9,8,7,6,10,9,8,10,10,2,
806,Мне страшно паять — можно ли обойтись без этого,7,8,9,6,7,10,9,8,10,10,3,
926,Можно ли просто приклеить старый уплотнитель вместо фиксации винтами,10,9,10,8,10,10,9,9,10,10,10,
87,Нужно ли прижимать клей к корпусу?,7,9,8,7,7,10,9,8,10,10,4,
207,"Что делать, если карта microSD вставлена в слот перед ремонтом?",7,10,9,8,8,10,10,9,10,10,6,
327,"Если пузыри появляются при проверке мыльным раствором, что это значит",7,10,8,6,7,10,9,8,10,10,3,
447,Оранжевая крышка фильтра на iwoly V600 не снимается,8,10,9,7,8,10,9,8,10,10,7,
567,"Если духовка долго не использовалась, а теперь пахнет газом при запуске",7,8,9,6,5,10,9,7,10,10,3,
687,"Можно ли просто потянуть за провода, чтобы снять их",4,7,8,6,7,10,9,7,9,10,5,
807,Где искать проблемный участок для пайки,7,8,8,7,7,10,8,8,9,10,8,
927,Можно ли смазывать уплотнитель обычным маслом вместо силиконового,10,9,10,8,10,10,10,9,10,10,3,
88,Как правильно установить новую фронтальную камеру?,7,8,9,6,7,10,9,7,10,10,5,
208,Почему стоит открыть крышку для картриджей перед снятием задней панели?,7,8,9,6,7,10,9,7,10,10,8,
328,"Что делать, если неприятно пахнет газом после сборки",10,9,10,8,9,10,9,9,10,10,3,
568,Можно ли проверять соединения зажигалкой,8,10,9,7,8,10,9,8,10,10,6,
448,"Можно ли использовать iwoly V600 без фильтра, если старый сломался",10,9,10,8,10,10,10,7,10,10,7,
688,Как правильно собрать гайковёрт после замены переключателя,6,8,7,5,4,10,9,6,10,10,2,
808,Как правильно припаять разъём обратно,7,8,9,6,5,10,9,7,10,10,4,
928,Почему уплотнитель становится жёстким со временем,8,10,9,7,8,10,9,8,10,10,7,
89,Почему важно использовать оригинальные клеевые материалы?,7,9,8,6,7,10,9,7,10,10,8,
209,Сколько времени займёт замена кард‑ридера Switch?,10,9,8,7,9,10,9,8,10,10,2,
329,Как проверить соединения на утечки газа после ремонта,6,8,7,6,7,10,9,8,9,10,2,
449,Не могу выкрутить фильтр из корпуса iwoly V600,7,8,9,6,8,10,9,7,10,10,5,
569,После включения духовки запах газа остаётся даже через несколько минут,10,9,8,7,9,10,9,8,10,10,2,
689,Куда ведёт красный провод от куркового переключателя,7,9,8,7,8,10,9,8,10,10,2,
809,"Можно ли использовать много припоя, чтобы закрепить лучше",7,9,8,6,7,10,9,8,10,10,3,
929,Как часто нужно проверять состояние уплотнителя,8,9,10,7,6,10,9,8,10,10,7,
90,"Если ремонт не удался, что можно попробовать?",7,9,8,7,7,10,9,8,10,10,3,
210,Почему нужно снимать оба Joy‑Con перед началом ремонта?,7,8,9,6,7,10,9,8,10,10,7,
330,Почему после зимы гриль перестал зажигаться нормально,8,10,9,7,8,10,9,9,10,10,2,
450,"Крышка фильтра iwoly V600 не открывается, даже если я нажимаю на рычаг",7,8,8,6,7,10,9,8,9,10,4,
570,"Я вижу пузыри при проверке мыльной водой, что это значит",10,9,10,7,8,10,9,8,10,10,2,
690,"Я открутил провода, но не знаю, как собрать всё обратно",7,8,9,6,5,10,9,7,10,10,3,
810,Как обратно присоединить кабель к плате,7,8,9,6,6,10,9,7,10,10,3,
930,"Можно ли проводить ремонт, когда холодильник заполнен продуктами",10,9,10,8,9,10,10,9,10,10,6,
91,Зачем нужна микрофибра в ремонте?,7,8,9,6,7,10,9,7,10,10,3,
211,Как правильно снять Joy‑Con контроллеры перед ремонтом?,7,9,8,7,8,10,9,8,9,10,7,
331,"Почему важно сначала крутить гайку руками, а не ключом",7,9,8,6,7,10,9,8,10,10,3,
451,Фильтр iwoly V600 порвался после промывки. Можно ли им пользоваться,10,9,10,8,10,10,9,9,10,10,7,
691,Как долго занимает замена переключателя на гайковёрте,3,6,5,4,5,10,8,5,9,9,2,
571,"Духовка щёлкает, но пламя появляется с задержкой",7,8,9,6,7,10,9,8,10,10,3,
811,Можно ли повредить плату при возвращении кабеля,7,9,8,6,7,10,9,8,10,10,6,
931,Можно ли заменить только повреждённый участок уплотнителя,10,9,8,7,9,10,9,8,10,10,7,
92,Что делать со старой камерой после замены?,7,6,8,5,4,10,9,5,10,9,2,
212,Какой винт крепит считыватель microSD карты?,7,8,9,6,7,10,9,7,10,10,4,
332,Как часто нужно менять шланг и регулятор гриля,10,9,8,7,6,10,9,8,10,10,2,
452,"Как убедиться, что купленный фильтр подойдёт моему пылесосу iwoly V600",10,9,8,7,6,10,9,7,10,10,5,
572,Что означает слабое свечение воспламенителя,8,9,9,7,8,10,9,8,10,10,4,
692,"Что делать, если при сборке остаются лишние винты",8,9,9,6,5,10,9,7,10,10,3,
812,Как избежать ожога при пайке,10,9,8,7,6,10,10,9,10,10,10,
932,"Если холодильник работает постоянно и не выключается, проблема в уплотнителе",8,10,9,7,9,10,9,9,10,10,4,
93,Какие инструменты нужны для разборки Pixel 9?,10,9,8,7,8,10,9,8,10,10,9,
333,"Можно ли использовать старый регулятор давления, если он немного повреждён",10,9,8,7,9,10,9,8,10,10,2,
213,Как правильно снять заднюю панель консоли?,10,9,8,7,8,10,9,8,10,10,4,
453,Почему после промывки фильтра мощность всё равно слабая,8,10,9,7,9,10,9,9,10,10,6,
573,Если воспламенитель иногда не зажигает газ вовсе,8,9,9,7,8,10,9,8,10,10,2,
693,Почему гайковёрт не работает даже после установки нового переключателя,9,9,10,7,9,10,8,8,10,10,2,
813,Почему важно не трогать плату голыми руками,10,9,10,10,10,10,10,8,10,10,10,
933,Сколько времени занимает полноценная чистка и установка уплотнителя,7,8,9,6,7,10,9,8,10,10,2,
94,Какая сложность у замены фронтальной камеры в Pixel 9?,8,9,10,7,9,10,9,8,10,10,8,
214,Следует ли использовать металлические инструменты для снятия?,7,10,9,8,9,10,9,8,10,10,8,
334,Сколько времени займёт полная замена регулятора и шланга,10,9,10,8,10,10,10,9,10,10,3,
454,"Что делать, если оранжевая крышка не прикручивается обратно",6,8,7,5,6,10,9,7,10,10,3,
574,"Почему запах газа появляется только в режиме выпечки, но не в гриле",7,8,9,7,8,10,9,8,10,10,4,
694,Можно ли заменить курковый переключатель без снятия корпуса,7,9,8,7,8,10,9,8,9,10,7,
814,"Если я потерял один винт, это критично",8,9,10,7,9,10,9,8,10,10,2,
934,После ремонта дверь стала сильно притягиваться — это хорошо,8,10,9,7,8,10,9,8,10,10,4,
95,"Что делать, если при сборке клей лег неровно?",10,9,10,8,9,10,10,9,10,10,3,
215,Почему под ридером находится тонкий слой мягкой пены?,10,9,8,7,10,10,9,8,10,10,2,
335,Можно ли заменить только регулятор без смены шланга,8,9,9,7,8,10,9,8,10,10,3,
455,Можно ли использовать фильтр от другой модели пылесоса,10,9,10,8,10,10,10,9,10,10,2,
575,После замены воспламенителя запах газа уменьшится,8,9,9,7,8,10,9,8,10,10,4,
695,"Что делать после того, как открутил красный провод",7,9,8,6,6,10,9,7,10,10,3,
815,Как правильно вернуть плату в корпус веб-камеры,8,10,9,7,6,10,9,8,10,10,3,
935,Зачем оставлять дверь открытой при снятии уплотнителя,7,8,9,6,6,10,10,8,10,10,5,
96,Можно ли всё сделать без специальных инструментов?,7,8,9,6,7,10,9,8,10,10,5,
216,"Что делать, если ридер не встаёт на место?",8,9,10,7,8,10,9,8,10,10,3,
456,Пылесос iwoly V600 стал громко гудеть после замены фильтра,8,10,9,7,9,10,9,8,10,10,6,
336,Какой инструмент нужен для замены регулятора и шланга,8,10,9,7,8,10,9,8,10,10,7,
576,"Как проверить, работает ли клапан подачи газа",8,9,9,7,8,10,9,8,10,10,2,
696,Какие инструменты пригодятся для ремонта,7,8,9,7,8,10,9,8,10,10,3,
816,Когда нужно вернуть переднюю панель на место,4,7,6,6,6,10,8,7,9,10,7,
936,Как избежать повторного ослабления резинки в будущем,10,9,8,7,9,10,9,8,10,10,2,
97,"Как понять, что всё собрано правильно?",7,9,8,6,5,10,9,8,10,10,3,
217,Как снять сам ридер microSD карты?,7,9,8,6,6,10,9,8,10,10,4,
337,"Как понять, что всё собрано правильно и безопасно",7,8,9,6,5,10,9,7,10,10,2,
457,Нужно ли выключать пылесос из розетки перед заменой фильтра,10,9,10,8,7,10,10,9,10,10,4,
577,"Почему запах газа появляется иногда, а не всегда",9,10,10,8,9,10,10,9,10,10,2,
697,Почему нужно снимать крышку вала (shaft cover),8,10,9,7,8,10,9,8,10,10,4,
937,Как удалить старые пятна и жир с резины уплотнителя,10,9,8,7,8,10,9,8,10,10,3,
817,Как защелкнуть лицевую панель обратно,8,9,10,6,5,10,9,7,10,10,2,
98,Нужно ли заново проверять влагозащиту после ремонта?,7,8,9,6,7,10,9,8,9,10,3,
218,Как установить новый считыватель microSD?,7,8,9,6,8,10,9,7,10,10,4,
338,Нужно ли перекрывать газ при каждой проверке,10,9,8,7,6,10,9,8,10,10,2,
458,Как правильно прикрутить новый фильтр,7,8,9,6,7,10,9,8,10,10,3,
698,"Мой гайковёрт гудит, но не крутит",8,10,9,7,9,10,9,9,10,10,2,
578,"Как убрать запах газа, если духовка недавно чистилась",6,8,7,7,7,10,9,8,10,10,3,
818,Какие винты использовать при сборке,7,8,9,6,7,10,9,8,10,10,3,
938,Можно ли стирать уплотнитель в посудомоечной машине,8,7,9,6,5,10,9,8,10,10,2,
99,Можно ли использовать спирт при чистке деталей?,8,9,10,7,8,10,9,8,10,10,7,
219,Как не повредить коннектор при установке ридера?,4,7,6,5,4,10,8,6,9,10,2,
339,Что делать с неисправным регулятором после замены,6,8,7,5,6,10,9,7,9,10,4,
459,Пылесос iwoly V600 перестал втягивать пыль после чистки фильтра,7,9,8,7,7,10,9,8,9,10,6,
579,Открытые духовые отверстия мешают ли горению газа,7,9,8,6,7,10,9,8,10,10,2,
699,Где находится сам переключатель направления,10,9,10,8,10,10,9,9,10,10,2,
819,Можно ли собрать камеру неправильно,7,9,8,6,7,10,9,8,9,10,2,
939,"Почему важно использовать бумажные, а не тканевые полотенца",10,9,10,7,8,10,9,8,9,10,8,
100,Как начать замену экрана Honor 9?,10,9,8,7,10,10,9,8,10,10,7,
220,"Можно ли снять пенопластовую накладку, чтобы поставить ридер удобнее?",7,8,9,6,7,10,9,7,9,10,2,
340,Можно ли выполнять замену шланга на улице,7,9,8,6,8,10,9,7,10,10,3,
460,Как закрыть крышку фильтра iwoly V600 после установки нового,7,8,9,7,8,10,9,8,9,10,5,
580,"Что делать, если духовка слабо греется и пахнет газом",10,9,8,7,9,10,9,8,10,10,4,
700,Можно ли ремонтировать провода без пайки,8,9,9,7,7,10,9,8,10,10,2,
820,"Что делать, если камера всё ещё не определяется компьютером",7,6,8,6,7,10,9,7,9,10,2,
940,Как проверить экономию после починки,3,6,4,2,2,10,7,3,8,7,2,
101,"Мой Huawei Honor 9 показывает трещины на экране и не реагирует на касания, как мне понять, можно ли заменить экран самому?",9,8,10,7,8,10,9,8,10,10,9,
221,Почему при установке ридера нельзя касаться контактов пальцами?,8,7,6,4,3,10,9,5,9,8,2,
341,"Что может произойти, если пользоваться утюгом с повреждённым шнуром",10,9,10,8,10,10,10,9,10,10,3,
461,Как долго можно использовать один фильтр в iwoly V600,9,10,8,7,9,10,9,8,10,10,6,
701,"Что делать, если корпус не совпадает при сборке",8,9,9,6,5,10,9,7,10,10,2,
581,"Что делать, если духовка искрит, но пламя не появляется",8,10,9,7,8,10,9,9,10,10,4,
821,"Камера собрана — как узнать, что всё работает",7,8,9,6,7,10,9,8,10,10,3,
941,"Что делать, если дверь холодильника деформирована, а не резинка",7,9,8,6,5,10,9,8,10,10,3,
342,Можно ли просто зачистить и заизолировать повреждённый провод,10,9,10,8,10,10,10,9,10,10,2,
222,Почему моя консоль перестала включаться после замены ридера?,7,8,9,6,7,10,9,8,10,10,2,
462,"Если фильтр туго крутится, стоит ли прикладывать силу",8,9,10,7,8,10,9,8,10,10,2,
102,"Можно ли менять экран Honor 9, если я никогда не разбирал смартфон?",7,8,9,6,7,10,9,8,9,10,5,
582,Почему запах газа исходит только из верхней панели духовки,9,9,10,7,8,10,9,8,10,10,3,
822,Какая основная причина неполадок у Anivia 1080p,9,10,10,8,9,10,9,9,10,10,2,
103,Почему необходимо разрядить аккумулятор перед разборкой телефона?,6,8,7,7,7,10,9,7,9,10,7,
702,Как безопасно начать ремонт газа на моём минибайке,7,9,9,6,5,10,8,7,9,10,2,
942,"Как понять, что уплотнитель нужно заменить, а не чистить",10,9,8,7,9,10,9,8,10,10,8,
223,"Как убедиться, что коннектор Micro SD читателя подключён к материнской плате?",7,9,8,6,7,10,9,8,10,10,4,
583,"Можно ли сделать что-то самостоятельно, если сомневаюсь в безопасности духовки",9,10,10,8,9,10,9,9,10,10,7,
703,"Как понять, что работа выполнена правильно",4,7,8,5,6,10,9,7,9,10,3,
463,Можно ли пылесосить iwoly V600 без оранжевой крышки,7,8,9,6,8,10,9,7,10,10,5,
343,"Мой утюг Philips GC1905 перестал включаться и не нагревается, я не понимаю почему",4,6,6,6,7,10,8,7,8,9,7,
823,Как предотвратить повторное повреждение разъёма,8,9,9,7,8,10,9,8,10,10,4,
943,Можно ли повредить уплотнитель при неправильной установке,10,9,10,8,9,10,9,9,10,10,7,
344,На какой поверхности лучше ремонтировать утюг,10,9,8,7,9,10,9,8,10,10,2,
224,"Как убедиться, что карточный ридер установлен правильно?",8,9,10,7,8,10,9,9,10,10,3,
104,"Что делать, если у телефона треснуто заднее стекло и присоска не держится?",7,8,8,6,7,10,9,7,9,10,8,
464,После замены фильтра пылесос не включается,7,8,9,6,7,10,9,8,10,10,5,
584,Могу ли я самостоятельно заменить воспламенитель,10,9,8,7,9,10,9,8,10,10,2,
824,Как долго длится ремонт камеры,7,8,9,6,7,10,9,8,10,10,3,
704,Почему важно снять сиденье перед ремонтом тросика газа,7,8,9,6,7,10,9,8,10,10,2,
944,"Как понять, что проблема решена",7,9,8,7,8,10,9,8,9,10,6,
105,Сколько инструментов мне нужно для снятия крышки?,3,6,5,4,4,10,8,5,9,9,2,
225,Что делать после установки ридера?,7,8,9,6,5,10,9,7,10,10,3,
345,Как открыть заднюю крышку утюга Philips GC1905,10,8,9,7,8,10,9,8,10,10,4,
465,"Как понять, правильно ли установлен фильтр",7,9,8,6,7,10,9,8,10,10,4,
585,"Можно ли использовать духовку, если запах газа исчезает лишь частично",10,9,10,8,7,10,9,9,10,10,3,
705,"Мой минибайк Coleman CT200U‑AB перестал реагировать на ручку газа, и двигатель не набирает обороты",7,8,7,6,6,10,8,7,9,10,6,
945,Что делать с старым уплотнителем,10,9,10,8,9,10,9,9,10,10,8,
825,В каком порядке собирать камеру после ремонта,4,7,6,3,3,10,8,4,9,9,3,
226,Почему важно соблюдать ESD‑безопасность?,10,9,10,8,10,10,10,9,10,10,10,
106,Почему нельзя сразу вставить инструмент под стекло без создания зазора?,7,8,9,6,6,10,9,7,10,10,2,
346,Что нужно сделать перед началом ремонта утюга,7,9,8,6,7,10,9,8,9,10,3,
466,Как правильно снять старый фильтр iwoly V600,7,8,9,6,8,10,9,8,10,10,7,
586,Моя духовка щёлкает много раз перед поджигом и пахнет газом,9,10,10,8,9,10,10,9,10,10,3,
706,Что нужно сделать после снятия сиденья,7,8,9,6,5,10,9,7,10,10,2,
826,Можно ли использовать клей вместо пайки,8,9,9,7,8,10,9,8,10,10,6,
946,"Как ухаживать за новым уплотнителем, чтобы он прослужил дольше",7,9,8,6,7,10,9,8,10,10,4,
107,"Как понять, что клей под задней крышкой достаточно размягчён?",10,9,8,7,9,10,10,9,10,10,2,
227,"Моя карта не читается, хотя ридер заменён – что проверить?",7,9,8,7,8,10,9,8,10,10,6,
347,Почему нужно дать утюгу остыть перед ремонтом,8,10,9,7,9,10,9,9,10,10,3,
467,"Как заменить фильтр пошагово, если я впервые это делаю",4,7,6,5,6,10,8,6,9,10,7,
587,"Как понять, что вентиляционные отверстия духовки заблокированы",8,9,9,8,8,10,9,9,10,10,6,
707,Как правильно отключить провод свечи зажигания,7,8,9,6,7,10,9,8,10,10,5,
827,Почему в руководстве рекомендуют iFixit opening pick,3,6,7,4,4,10,8,5,9,10,6,
947,"Мой морозильник перестал холодить, но компрессор нагревается",7,9,8,7,8,10,9,8,9,10,4,
108,"Что делать, если клей снова затвердевает во время снятия крышки?",7,8,9,6,7,10,9,8,10,10,5,
228,Может ли неправильно установленный ридер повредить материнскую плату?,7,9,8,6,7,10,9,8,9,10,2,
588,Почему после нескольких попыток зажигания запах становится сильнее,7,10,9,8,9,10,10,9,10,10,2,
468,Почему нужно плотно закручивать крышку фильтра,7,8,9,6,7,10,9,8,10,10,5,
348,Как правильно снять заднюю крышку после откручивания,7,9,8,6,5,10,9,7,10,10,3,
708,Как снять сиденье с минибайка Coleman CT200U‑AB,7,9,8,6,7,10,9,8,10,10,4,
828,"Что делать, если припой затёк на соседние контакты",8,9,9,7,8,10,9,8,10,10,6,
948,Почему компрессору нужно пусковое реле,10,9,8,7,10,10,9,8,10,10,3,
229,Можно ли вставлять карту microSD во время ремонта для проверки?,4,7,6,5,6,10,8,5,9,10,3,
109,Как нужно закрепить новую заднюю крышку после ремонта?,3,6,4,3,4,10,8,3,9,7,2,
349,Можно ли использовать отвёртку другого типа для снятия крышки,9,10,8,7,8,9,9,8,10,10,3,
469,Пылесос iwoly V600 пахнет пылью при работе,8,9,9,7,9,10,9,8,10,10,7,
589,"Что делать, если духовка начинает гореть с хлопком",8,10,9,7,8,10,9,9,10,10,3,
709,Почему ручка газа заедает и не возвращается в исходное положение,10,10,10,9,8,10,10,10,10,10,2,
949,"Как понять, что пусковое реле неисправно",8,9,10,7,9,10,9,9,10,10,4,
829,Можно ли делать пайку без опыта,10,9,8,7,6,10,9,8,10,10,4,
110,Почему нужно оставлять инструменты в углах при разборке?,7,9,8,6,5,10,9,7,10,10,2,
230,Можно ли снимать ридер без отключения батареи?,7,8,9,6,5,10,9,7,10,10,2,
350,Почему нельзя резко тянуть крышку после отсоединения винта,3,7,6,4,3,10,8,5,9,10,2,
470,"Что произойдет, если забыть плотно закрыть крышку",10,9,8,7,8,10,9,8,10,10,2,
590,"Как понять, безопасно ли пользоваться духовкой после запаха газа",8,10,9,7,8,10,9,9,10,10,4,
710,"Если тросик порван, можно ли просто его укоротить",10,9,8,7,10,10,9,8,10,10,2,
950,Почему термистор может ломаться,7,8,9,6,8,10,9,7,10,10,3,
830,Почему важно использовать малое количество припоя,4,6,7,5,6,10,8,6,9,10,5,
111,Почему важно не перегревать устройство при ремонте?,4,6,7,5,6,10,8,5,9,10,3,
231,Какие модели Switch совместимы с этим ридером?,7,8,9,6,8,10,9,7,9,10,5,
351,"Что делать, если защёлки не поддаются",8,9,9,7,8,10,9,8,10,10,3,
591,"Почему духовка стало пахнуть газом, хотя раньше нет",8,9,9,7,9,10,9,8,10,10,6,
471,"Я не понимаю, где находятся щётки в Honiture Q6 SE",6,8,7,6,5,10,9,6,9,9,4,
711,Как проверить состояние тросика газа,10,9,10,8,10,10,9,9,10,10,2,
831,После пайки камера показывает искажённые цвета,7,8,8,5,5,10,9,6,10,10,3,
951,Какой тип реле используется в морозильниках,3,6,5,4,2,10,7,3,8,6,4,
112,"Как безопасно снять заднее стекло, когда весь клей прорезан?",7,6,8,6,7,9,8,7,9,10,7,
352,Что нужно сделать перед отсоединением проводов от платы,3,7,6,4,5,10,8,4,9,9,5,
472,"Можно ли менять щётки на роботе Honiture Q6 SE, не выключая питание",10,9,10,7,8,10,10,9,10,10,7,
232,Можно ли использовать магнитный коврик при ремонте?,6,7,8,7,7,10,9,8,10,10,7,
592,"Моя духовка на пропане, пахнет чаще, чем на природном газе",10,9,10,7,8,10,10,9,10,10,2,
712,Как снять старую ручку газа,7,9,8,6,7,10,9,7,10,10,2,
832,"Нужно ли какое-то дополнительное оборудование, кроме паяльника",7,8,9,6,7,10,9,7,10,10,7,
952,Можно ли полностью заменить реле BQP2‑4.7 на QP2‑4R7,7,6,8,7,7,10,9,8,7,10,8,
113,"Чем можно нагреть телефон, если у меня нет специального инструмента iOpener?",9,10,8,7,8,10,8,9,10,10,9,
233,"Что делать, если при попытке снять винт отвёртка проскальзывает?",10,9,8,7,7,10,9,8,10,10,5,
353,Как получить доступ к месту крепления шнура,8,9,10,7,8,10,10,8,10,10,2,
473,"Как открыть отсек, где стоят щётки в Honiture Q6 SE",7,6,8,7,7,10,9,7,10,10,8,
593,"Почему запах усиливается, если дверь духовки немного открыта",7,9,10,6,8,10,9,8,10,10,5,
713,Как отсоединить тросик от двигателя,4,7,8,5,4,10,8,6,9,10,2,
833,"Если после сборки камера не включается, что проверить первым делом",7,8,8,6,6,10,8,7,9,10,3,
953,С чего начать ремонт неисправного реле,7,8,9,6,8,10,9,8,10,10,8,
354,Как отсоединить провода от платы внутри утюга,7,8,9,6,6,10,9,7,10,10,4,
114,Почему нужно с осторожностью отклеивать термоплёнку?,10,9,8,7,10,10,9,6,10,10,2,
234,Как избежать повреждения ридера при частом использовании карт памяти?,7,8,9,7,8,10,9,8,9,10,3,
474,"Мой робот-пылесос Honiture Q6 SE перестал хорошо собирать мусор, хотя мотор работает",6,7,8,6,7,10,9,8,9,10,7,
594,Что означает хлопок звука при зажигании,8,9,9,6,7,10,9,8,10,10,2,
834,"Как действовать, если я случайно вытащил кабель слишком сильно",7,9,8,6,7,10,8,7,9,10,6,
714,Каким инструментом открутить крепёж троса у двигателя,7,9,8,6,7,10,9,8,10,10,3,
954,"Что означает, если омметр показывает значение отличное от 4.7 Ом",8,9,9,7,8,10,9,8,10,10,3,
115,Как снять защитный экран материнской платы?,7,8,9,7,8,10,9,8,10,10,4,
235,"Почему моя SD карта не читается после ремонта, но работает на другом устройстве?",6,8,7,5,6,10,9,7,9,10,4,
355,Как установить новый силовой шнур,8,9,9,7,8,10,9,8,10,10,4,
595,Можно ли чистить духовой отсек при включённом газе,10,9,8,7,9,10,9,8,10,9,2,
475,Пылесос Honiture Q6 SE не подметает пыль по краям комнаты,7,8,9,7,8,10,9,8,10,10,7,
715,Как разобрать новый узел дросселя перед установкой,7,8,9,6,7,10,9,7,10,10,3,
835,Можно ли повредить линзу во время ремонта,7,9,8,7,8,10,9,8,10,10,7,
116,Что делать с тонкой чёрной термоплёнкой под платой?,8,9,9,7,7,10,9,8,10,10,3,
955,Что делает термистор внутри реле,8,9,9,7,8,10,9,8,10,10,3,
236,"Как понять, что винт закручен достаточно крепко при сборке?",10,9,8,7,10,10,10,9,10,6,10,
356,Зачем делать снимок перед отсоединением шнура,7,8,9,6,8,10,9,8,10,10,6,
476,Как безопасно начать ремонт Honiture Q6 SE,7,9,8,8,8,10,9,9,10,10,4,
596,Как отличить утечку газа от нормального запаха при включении,10,9,10,8,7,10,9,9,10,10,3,
716,Зачем снимать дроссельный зажим,8,9,9,7,8,10,9,8,10,10,3,
836,Нужно ли чистить линзу после ремонта,6,8,9,7,8,10,9,8,10,10,7,
956,Что находится внутри нового реле QP2‑4R7,3,4,6,2,3,10,7,3,8,9,5,
477,Я не могу открыть отсек с роликовой щёткой,7,8,9,6,7,10,9,8,10,10,3,
237,Можно ли проверить ридер до окончательной сборки корпуса?,7,8,9,6,5,10,9,7,10,10,2,
357,"Как убедиться, что провода подключены правильно",7,8,9,6,7,10,9,8,10,10,6,
117,"Где нельзя поддевать батарею, чтобы ничего не повредить?",7,8,9,6,7,10,9,8,10,10,7,
597,"У меня звук идёт только из одного наушника, второй молчит",7,8,9,7,8,10,9,8,10,10,4,
717,Что нужно подготовить перед установкой нового тросика,4,7,8,6,6,10,9,7,10,10,3,
957,Как проверить исправность реле мультиметром,7,9,8,7,8,10,9,8,10,10,2,
118,Как не повредить аккумулятор при снятии?,7,8,9,6,7,10,9,8,10,10,5,
837,Какой припой лучше использовать,10,9,8,7,9,10,9,8,10,10,6,
238,Можно ли использовать обычную пластиковую карту для поддевания ридера?,7,9,8,6,7,10,9,8,10,10,2,
358,"Что будет, если тянуть за сам провод",10,9,8,7,6,10,9,8,9,7,5,
478,Как собрать iwoly V600 после чистки фильтра,1,2,2,1,3,8,5,1,6,4,7,
718,Как закрепить трос в барабане ручки,7,9,9,6,7,10,8,7,10,10,2,
598,"Что делать, если после выключения духовки запах остаётся",8,9,9,7,8,10,9,8,9,10,6,
838,Как убедиться в герметичности корпуса после ремонта,4,6,5,3,2,10,8,5,9,9,1,
359,"После зелёного провода, какие нужно снять дальше",7,8,9,6,7,10,9,7,10,10,3,
119,Как правильно отключить батарею Honor 9?,7,8,9,6,8,10,9,8,10,10,10,
958,Как разобрать новое реле QP2‑4R7,7,8,9,6,7,10,9,7,10,10,7,
239,Почему важно использовать соответствующие отвёртки для JIS винтов?,10,9,8,7,9,10,9,8,10,10,6,
479,Как удалить старые боковые щётки с Honiture Q6 SE,10,9,10,8,10,7,10,8,10,10,7,
599,Если духовка пахнет газом сразу после перемещения,7,8,9,6,7,10,9,8,10,10,3,
719,Зачем нужна феррула на тросике газа,10,8,9,10,10,10,10,7,10,8,10,
839,"Если камера работает, но изображение прерывистое",7,9,8,6,7,10,9,8,10,10,3,
959,Почему важно сначала осмотреть корпус,8,9,9,7,7,10,9,8,10,10,6,
120,"Как извлечь щиток материнской платы, если он застрял?",7,8,9,6,7,10,9,8,10,10,2,
240,Какую последовательность действий выбрать при замене считывателя?,7,8,9,6,8,10,9,7,10,10,2,
360,Что дальше после подключения зелёного провода,7,8,9,6,7,10,9,8,10,10,5,
480,На Honiture Q6 SE две боковые щётки. Как их правильно установить,7,8,9,6,7,10,9,7,10,10,7,
600,Почему духовка зажигается после нескольких щелчков и сильно пахнет газом,9,10,8,7,9,10,9,9,10,10,5,
720,Как вставить трос в новый дроссель,7,8,9,6,7,10,8,7,10,10,3,
840,Можно ли перегреть плату при пайке,7,8,9,6,7,10,9,8,10,10,6,
960,Как извлечь термисторный диск,7,8,9,6,7,10,9,8,10,10,2,
121,"Что делать, если батарея не отходит после нагрева?",8,9,9,7,8,10,9,8,10,10,2,
241,"Можно ли случайно повредить другие внутренние детали, снимая ридер?",7,8,9,6,5,10,9,7,10,10,4,
361,Почему важно использовать термостойкий шнур,7,8,9,6,8,10,9,7,10,10,3,
481,"Мне кажется, что я поставил боковые щётки неправильно",10,9,10,8,9,10,10,9,10,10,3,
601,"Если газовая духовка не поджигается, но запах есть",9,10,8,7,8,10,9,8,10,10,3,
721,Как собрать корпус ручки обратно,7,8,9,7,8,10,9,7,10,10,7,
841,Почему веб-камера мигает после сборки,8,9,9,7,8,10,9,8,10,10,3,
961,"Что делать, если часть старого корпуса треснула",7,9,8,6,6,10,9,7,10,10,2,
122,После снятия батареи что нужно сделать перед установкой новой?,10,9,8,7,9,10,9,8,10,10,3,
242,"Как понять, что замена прошла успешно?",7,8,9,6,5,10,9,7,10,10,8,
362,Что важно проверить перед сборкой утюга обратно,7,9,8,7,7,10,8,8,10,10,3,
482,Как снять старую роликовую щётку из робота Honiture Q6 SE,7,8,9,6,6,10,9,7,10,10,7,
602,Как уменьшить запах газа при запуске духовки,8,9,10,7,8,10,9,8,10,10,3,
722,На что обратить внимание при укладке троса в корпус ручки,8,10,9,8,9,10,9,9,10,10,3,
842,"Что делать, если корпус закрылся не до конца",9,10,8,7,8,10,9,9,10,10,3,
962,Как очистить старое реле перед сборкой,7,8,9,6,7,10,9,7,10,10,4,
123,Можно ли вытащить батарею просто руками?,8,9,8,7,6,10,9,8,10,10,3,
243,Что лучше – ремонтировать ридер или сразу заменить?,7,9,8,6,5,10,9,7,9,10,2,
363,Можно ли использовать любой провод для замены,7,9,9,6,6,10,8,8,10,10,3,
483,Можно ли перепутать местами боковые щётки,7,8,9,6,8,10,9,8,10,10,9,
603,"Почему звук в одном наушнике тише, чем в другом",7,8,9,7,8,10,9,8,10,10,3,
723,Почему важно проверить «свободный ход» ручки газа,8,9,9,7,8,10,9,8,10,10,2,
843,Можно ли теперь снова использовать камеру каждый день,7,6,8,4,3,10,8,6,9,9,3,
244,"Что делать, если после сборки Switch не реагирует на включение?",8,10,9,7,9,10,9,9,10,10,2,
963,Нужно ли разбирать старое реле целиком,4,7,6,5,7,10,8,7,9,10,2,
124,Можно ли повторно использовать старую батарею после снятия?,10,9,10,8,10,10,9,8,10,10,7,
364,Что делать со старым шнуром после замены,7,9,8,6,7,10,8,7,9,10,2,
484,Как вставить новую роликовую щётку,7,8,9,6,7,10,9,8,10,10,6,
604,Один наушник не подключается к телефону,7,8,8,7,7,10,9,8,10,10,3,
724,Как установить ручку газа на руль,7,9,8,6,7,10,9,8,10,10,2,
844,Почему мой принтер Canon плохо печатает цвета,8,9,9,7,8,10,9,8,10,10,7,
964,"Как убедиться, что диск установлен правильно",10,9,10,8,10,10,10,9,10,10,4,
125,Как приклеить новый аккумулятор?,8,9,10,7,9,10,9,8,10,10,9,
245,Что делать со старым ридером после замены?,10,8,9,7,10,10,9,6,10,10,2,
365,"Как проверить, исправен ли новый сетевой шнур",4,6,5,6,6,10,8,7,9,9,7,
485,Можно ли запустить Honiture Q6 SE без боковых щёток,10,9,10,10,10,10,10,8,10,7,10,
605,"Как исправить ситуацию, если телефон не подключает наушники",7,10,9,6,7,10,8,8,10,10,3,
725,Как прикрепить другой конец троса к двигателю,7,8,9,6,7,10,9,8,10,10,2,
845,"Как понять, что ремонт завершён успешно",7,8,8,6,7,10,8,7,9,10,7,
965,Что дальше делать с новым диском,7,9,10,6,8,10,9,8,10,10,3,
126,"Что делать, если присоска не держится на треснувшем экране?",8,9,9,7,8,10,9,9,10,10,7,
246,Как ухаживать за новым ридером после установки?,10,9,10,7,10,10,8,7,10,10,2,
366,"Что делать, если утюг по‑прежнему не нагревается после замены шнура",8,10,9,7,8,10,9,9,10,10,3,
486,"Что делать, если роликовая щётка не фиксируется в отсеке",8,10,9,7,8,10,9,8,10,10,3,
606,"Звук в наушниках обрывается, если я отхожу от телефона",9,10,8,7,8,10,9,9,10,10,3,
726,Как отрегулировать натяжение троса,8,9,9,6,7,10,9,8,10,10,2,
846,Принтер HP перестал печатать и выдаёт бледные или пустые страницы,8,9,9,7,8,10,9,9,10,10,7,
966,Нужно ли выключать питание при установке реле,7,8,9,6,7,10,9,7,10,10,3,
127,"Почему при отделении дисплея важно попасть под сам модуль, а не стекло?",4,7,6,5,6,9,8,5,9,9,6,
247,"Если ремонт не помог, где можно узнать советы?",7,8,9,6,7,10,9,8,10,10,5,
487,Как прикрепить тряпку обратно после замены щёток,7,9,8,7,8,10,9,8,10,10,2,
367,Можно ли заменить провод самостоятельно без опыта,7,9,8,6,7,10,9,8,10,10,3,
607,"Наушники недавно падали, и теперь один не работает",7,8,9,7,8,10,9,8,9,10,3,
727,"Что делать, если трос не возвращается сам после регулировки",7,8,9,6,7,10,9,8,10,10,2,
847,Подходит ли эта процедура для принтеров Epson,8,9,9,7,8,10,9,8,10,10,6,
967,Как восстановить корпус реле после установки диска,7,8,9,6,6,10,9,8,10,10,2,
128,Как снять экран Honor 9?,10,9,8,7,9,10,9,8,10,10,9,
248,"Как понять, что именно кнопки сломались, а не что-то другое",7,8,8,6,7,10,9,8,9,10,3,
368,Как завершить ремонт утюга после замены шнура,10,9,8,7,6,10,10,9,10,10,2,
488,Как часто нужно менять щётки в Honiture Q6 SE,7,9,8,7,8,10,9,7,9,10,6,
728,После сборки нужно ли снова подключать провода,7,8,9,6,5,10,9,7,10,10,2,
608,Как обновить прошивку на AirPods,10,8,9,7,6,10,9,8,10,10,5,
848,Можно ли таким способом восстановить любой принтер HP,9,10,8,7,8,10,9,8,10,10,4,
968,Почему важно чистить контакты,7,8,8,7,7,10,9,8,9,10,4,
129,"Как правильно нагреть экран, чтобы отделить его?",7,8,9,6,8,7,9,8,10,10,7,
249,"Моя стиральная машина перестала реагировать на кнопки, и я не знаю, что с ней делать",8,9,10,7,8,10,9,8,10,10,4,
369,Почему важно проверить работу розетки перед ремонтом,7,8,9,7,8,10,9,8,10,10,6,
489,Что делать со старыми щётками после замены,7,8,9,6,10,10,10,7,10,10,4,
609,"Что делать, если обновление телефона испортило работу Bluetooth-наушников",7,9,8,7,6,10,9,8,10,10,4,
729,"Как проверить, что дроссель работает правильно",7,8,9,6,5,10,8,7,10,10,2,
849,"Что делать, если вода после нагрева выглядит грязной",7,9,8,7,8,10,9,8,10,10,6,
969,"Что делать, если значение сопротивления всё ещё неверное",7,9,8,7,8,10,9,8,9,10,4,
130,"Если экран не реагирует после ремонта, что делать?",7,9,8,7,7,10,8,8,9,10,2,
250,Где можно купить подходящие переключатели для платы управления,7,6,8,6,7,10,8,7,9,10,9,
370,"Мой аэрогриль Gourmia GAF798 перестал подсвечивать панель управления, и я не знаю, что с этим делать",8,9,10,7,9,10,10,9,10,10,2,
490,"Что нужно сделать перед заменой щёток, чтобы не повредить пылесос",10,9,10,7,8,10,9,8,10,10,7,
610,Мои беспроводные наушники теряют соединение с телефоном,7,8,8,7,7,10,9,8,9,10,3,
730,Как правильно вернуть сиденье на место,7,8,9,6,5,10,9,7,10,10,2,
850,С чего начать чистку печатающей головки,9,9,9,8,8,10,9,8,10,10,9,
371,Почему нельзя выбрасывать старый шнур в обычное ведро,10,9,10,8,10,10,10,9,10,10,3,
970,Что проверить после сборки реле,7,9,9,7,8,10,9,8,10,10,3,
131,Зачем проверять телефон до окончательной сборки?,7,8,9,6,5,10,9,7,10,10,4,
251,"Как начать разборку стиральной машины, чтобы добраться до платы управления",7,8,9,6,5,10,9,7,10,10,3,
491,Что делать после замены всех щёток,8,10,9,7,8,10,9,9,10,10,5,
731,Можно ли проверять газ без запуска двигателя,7,8,9,6,7,10,9,7,9,10,3,
971,Когда можно ставить реле обратно в морозильник,7,8,9,7,8,10,9,8,9,10,6,
611,Мой телефон не видит наушники в списке Bluetooth,7,8,9,7,8,10,9,8,10,10,3,
851,Почему нужно использовать именно дистиллированную воду,10,9,8,7,6,10,9,8,10,10,2,
132,Что важно не забыть перед финальным снятием дисплея?,6,8,9,6,7,10,9,7,10,10,8,
252,Нужно ли что-то делать с водой в лотке для порошка,7,8,9,6,7,10,9,8,10,10,6,
372,Как снять панель управления с передней части аэрогриля,7,9,8,6,7,10,9,8,10,10,6,
492,"Можно ли чистить старые щётки, чтобы не менять их",8,9,10,7,8,10,10,8,10,10,7,
612,"Почему наушники часто отключаются, хотя батарея заряжена",6,8,7,7,7,10,9,8,9,10,3,
732,После замены троса минибайк стал слишком «резким» на газ,10,9,8,7,7,10,9,8,10,10,2,
852,Как нагреть воду для чистки,8,10,9,7,8,10,9,8,9,10,3,
133,Можно ли использовать металлический инструмент для отделения экрана?,8,9,9,7,8,10,9,8,10,10,6,
972,Как установить восстановленное реле обратно,6,8,9,7,8,10,9,7,10,10,3,
253,Почему нельзя торопиться при откручивании мелких винтов?,1,2,3,1,1,10,4,1,6,3,1,
373,"Можно ли чинить аэрогриль, если он всё ещё подключён к сети",8,10,9,7,8,10,9,8,10,10,3,
493,"Как понять, что щётки изношены и нуждаются в замене",10,9,10,8,10,10,10,9,10,10,7,
613,Можно ли самостоятельно обновить прошивку всех наушников,7,8,9,6,5,10,9,8,10,10,3,
733,"Мой мотоцикл Tao Tao DBX1 150cc не заводится, хотя компрессия есть",8,9,9,7,8,10,9,8,10,10,7,
853,Какие картриджи нужно снять перед чисткой,7,8,9,6,7,10,9,8,10,10,3,
973,Где находится реле в морозильнике,7,9,8,8,7,10,9,8,10,10,4,
134,Что лучше использовать для приклеивания нового дисплея?,7,9,9,7,8,10,9,8,10,10,6,
254,Что нужно сделать перед началом ремонта стиральной машины,10,9,8,8,10,10,9,9,10,10,3,
374,"Что делать, если панель не отделяется полностью",7,8,9,6,7,10,9,8,10,10,3,
494,У меня выпала роликовая щётка во время уборки,9,10,10,8,9,10,10,9,10,10,4,
614,Как обновить Samsung Galaxy Buds,7,8,9,6,5,10,9,7,10,10,2,
734,С чего начать замену карбюратора на Tao Tao DBX1 150cc,8,7,9,6,7,10,8,7,10,10,9,
854,Как подготовить принтер HP к самостоятельной чистке,8,9,9,6,7,10,9,8,10,10,4,
974,Почему после установки морозильник не запускается сразу,7,8,9,6,7,10,9,8,10,10,2,
135,Как удалить остатки клея с рамки после снятия дисплея?,8,9,10,7,8,10,9,9,10,10,6,
255,Что делать после получения новых переключателей,7,8,9,6,7,10,9,8,10,10,7,
495,Мой Honiture Q6 SE вибрирует и шумит после замены роликовой щётки,7,9,8,7,7,10,9,8,10,10,5,
375,Почему важно дождаться остывания аэрогриля перед ремонтом,8,10,9,7,8,10,10,9,10,10,4,
615,После обновления смартфона наушники стали работать хуже,8,9,9,7,6,10,9,8,10,10,3,
735,Почему нужно работать в открытом помещении при замене карбюратора,7,9,8,6,7,10,9,7,10,10,5,
855,Какое изображение лучше использовать в качестве теста,6,8,7,5,6,10,9,7,9,10,3,
975,Если морозильник включается и тут же выключается,7,8,8,7,7,10,9,8,9,10,4,
